id,image,category,question,ground_truth,prediction,exact_match,bleu_1,bleu_2,rouge_l
val_00001,synpic54733.jpg,Modality,what imaging modality was used to take this image?,ct with iv contrast,ct with iv contrast,1.0,1.0,1.0,1.0
val_00002,synpic25647.jpg,Modality,what kind of scan is this?,xr - plain film,ct scan,0.0,0.0,0.0043,0.0
val_00003,synpic35681.jpg,Modality,was the mri taken with contrast?,no,ct scan,0.0,0.0,0.0025,0.0
val_00004,synpic39641.jpg,Modality,"is this a t1 weighted, t2 weighted, or flair image?",t2,t2,1.0,1.0,0.5,1.0
val_00005,synpic35693.jpg,Modality,is this a noncontrast mri?,yes,ct scan,0.0,0.0,0.0025,0.0
val_00006,synpic17419.jpg,Modality,was iv contrast given to the patient?,yes,ct scan,0.0,0.0,0.0025,0.0
val_00007,synpic32909.jpg,Modality,what type of contrast did this patient have?,iv,iv,1.0,1.0,0.5,1.0
val_00008,synpic48040.jpg,Modality,was the ct scan taken with contrast?,no,ct scan,0.0,0.0,0.0025,0.0
val_00009,synpic48351.jpg,Modality,what was this image taken with?,xr - plain film,ct scan,0.0,0.0,0.0043,0.0
val_00010,synpic49503.jpg,Modality,was the ct scan taken with contrast?,no,no,1.0,1.0,0.5,1.0
val_00011,synpic18176.jpg,Modality,what imaging modality was used to take this image?,ct with iv contrast,ct scan,0.0,0.1839,0.026,0.3333
val_00012,synpic36498.jpg,Modality,what type of imaging modality is shown?,xr - plain film,ct scan,0.0,0.0,0.0043,0.0
val_00013,synpic26850.jpg,Modality,is this a ct scan?,no,no,1.0,1.0,0.5,1.0
val_00014,synpic19508.jpg,Modality,is this a contrast or noncontrast ct?,contrast,ct scan,0.0,0.0,0.0025,0.0
val_00015,synpic23496.jpg,Modality,what imaging modality was used to take this image?,mr - t1w - noncontrast,ct scan,0.0,0.0,0.0043,0.0
val_00016,synpic25435.jpg,Modality,"is this a t1 weighted, t2 weighted, or flair image?",t2,t2,1.0,1.0,0.5,1.0
val_00017,synpic38894.jpg,Modality,is this a noncontrast ct?,no,ct scan,0.0,0.0,0.0025,0.0
val_00018,synpic25620.jpg,Modality,what is the modality?,xr - plain film,ct scan,0.0,0.0,0.0043,0.0
val_00019,synpic25634.jpg,Modality,what imaging method was used?,xr - plain film,xr - plain film,1.0,1.0,1.0,1.0
val_00020,synpic36490.jpg,Modality,what type of imaging is this?,xr - plain film,ct scan,0.0,0.0,0.0043,0.0
val_00021,synpic40658.jpg,Modality,is this a t2 weighted image?,no,ct scan,0.0,0.0,0.0025,0.0
val_00022,synpic27614.jpg,Modality,what kind of image is this?,xr - plain film,xr - plain film,1.0,1.0,1.0,1.0
val_00023,synpic26245.jpg,Modality,is this a ct scan?,no,ct scan,0.0,0.0,0.0025,0.0
val_00024,synpic25628.jpg,Modality,what imaging method was used?,xr - plain film,ct scan,0.0,0.0,0.0043,0.0
val_00025,synpic34446.jpg,Modality,is this a ct scan?,no,no,1.0,1.0,0.5,1.0
val_00026,synpic28899.jpg,Modality,what kind of scan is this?,xr - plain film,ct scan,0.0,0.0,0.0043,0.0
val_00027,synpic28331.jpg,Modality,what type of imaging does this represent?,us - ultrasound,ct scan,0.0,0.0,0.0071,0.0
val_00028,synpic55791.jpg,Modality,what imaging modality was used to take this image?,mr - t2 weighted,mr - t2 weighted,1.0,1.0,1.0,1.0
val_00029,synpic32867.jpg,Modality,was the ct scan taken with contrast?,no,ct scan,0.0,0.0,0.0025,0.0
val_00030,synpic21201.jpg,Modality,what was this image taken with?,xr - plain film,ct scan,0.0,0.0,0.0043,0.0
val_00031,synpic20686.jpg,Modality,what kind of image is this?,mammograph,mammograph,1.0,1.0,0.5,1.0
val_00032,synpic17412.jpg,Modality,is this a noncontrast ct?,no,ct scan,0.0,0.0,0.0025,0.0
val_00033,synpic53907.jpg,Modality,is this a contrast or noncontrast ct?,noncontrast,ct scan,0.0,0.0,0.0025,0.0
val_00034,synpic24024.jpg,Modality,in what modality is this image taken?,us - ultrasound,us - ultrasound,1.0,1.0,1.0,1.0
val_00035,synpic59540.jpg,Modality,what type of imaging modality is shown?,mr - adc map (app diff coeff),ct scan,0.0,0.0,0.001,0.0
val_00036,synpic19169.jpg,Modality,"is this image modality t1, t2, or flair?",t2,ct scan,0.0,0.0,0.0025,0.0
val_00037,synpic52424.jpg,Modality,was the ct scan taken with contrast?,no,no,1.0,1.0,0.5,1.0
val_00038,synpic52430.jpg,Modality,"is this image modality t1, t2, or flair?",t2,ct scan,0.0,0.0,0.0025,0.0
val_00039,synpic51878.jpg,Modality,what type of imaging modality is shown?,mr - other pulse seq.,ct scan,0.0,0.0,0.0026,0.0
val_00040,synpic25109.jpg,Modality,"is this a t1 weighted, t2 weighted, or flair image?",t2,t2,1.0,1.0,0.5,1.0
val_00041,synpic21186.jpg,Modality,what kind of image is this?,xr - plain film,ct scan,0.0,0.0,0.0043,0.0
val_00042,synpic52140.jpg,Modality,is this a contrast or noncontrast ct?,contrast,ct scan,0.0,0.0,0.0025,0.0
val_00043,synpic32893.jpg,Modality,what type of imaging modality is shown?,xr - plain film,xr - plain film,1.0,1.0,1.0,1.0
val_00044,synpic25451.jpg,Modality,with what modality is this image taken?,xr - plain film,ct scan,0.0,0.0,0.0043,0.0
val_00045,synpic18101.jpg,Modality,what imaging modality was used to take this image?,xr - plain film,ct scan,0.0,0.0,0.0043,0.0
val_00046,synpic18115.jpg,Modality,what is the mr weighting in this image?,t2,t2,1.0,1.0,0.5,1.0
val_00047,synpic17583.jpg,Modality,what kind of scan is this?,xr - plain film,ct scan,0.0,0.0,0.0043,0.0
val_00048,synpic100295.jpg,Modality,what type of image modality is this?,us - ultrasound,ct scan,0.0,0.0,0.0071,0.0
val_00049,synpic46243.jpg,Modality,was the mri taken with contrast?,yes,yes,1.0,1.0,0.5,1.0
val_00050,synpic38951.jpg,Modality,what imaging modality is used?,xr - plain film,ct scan,0.0,0.0,0.0043,0.0
val_00051,synpic60290.jpg,Modality,is this a ct scan?,yes,ct scan,0.0,0.0,0.0025,0.0
val_00052,synpic17970.jpg,Modality,what type of image modality is seen?,xr - plain film,xr - plain film,1.0,1.0,1.0,1.0
val_00053,synpic17780.jpg,Modality,how was the image taken?,be - barium enema,ct scan,0.0,0.0,0.0043,0.0
val_00054,synpic28216.jpg,Modality,what imaging method was used?,ugi - upper gi,ct scan,0.0,0.0,0.0043,0.0
val_00055,synpic31753.jpg,Modality,is this a noncontrast ct?,no,no,1.0,1.0,0.5,1.0
val_00056,synpic16475.jpg,Modality,what imaging modality was used to take this image?,ct with iv contrast,ct scan,0.0,0.1839,0.026,0.3333
val_00057,synpic38575.jpg,Modality,"is this a t1 weighted, t2 weighted, or flair image?",t1,ct scan,0.0,0.0,0.0025,0.0
val_00058,synpic41707.jpg,Modality,was the mri taken with contrast?,yes,yes,1.0,1.0,0.5,1.0
val_00059,synpic26950.jpg,Modality,what imaging modality is seen here?,bas - barium swallow,ct scan,0.0,0.0,0.0043,0.0
val_00060,synpic18921.jpg,Modality,what type of image modality is seen?,us - ultrasound,ct scan,0.0,0.0,0.0071,0.0
val_00061,synpic29054.jpg,Modality,what imaging modality was used to take this image?,xr - plain film,xr - plain film,1.0,1.0,1.0,1.0
val_00062,synpic56870.jpg,Modality,is this a ct scan?,no,ct scan,0.0,0.0,0.0025,0.0
val_00063,synpic21385.jpg,Modality,what imaging modality was used to take this image?,mr - other pulse seq.,ct scan,0.0,0.0,0.0026,0.0
val_00064,synpic57577.jpg,Modality,how was this image taken?,an - angiogram,an - angiogram,1.0,1.0,1.0,1.0
val_00065,synpic40779.jpg,Modality,was the ct scan taken with contrast?,yes,ct scan,0.0,0.0,0.0025,0.0
val_00066,synpic49985.jpg,Modality,is this a ct scan?,yes,ct scan,0.0,0.0,0.0025,0.0
val_00067,synpic50556.jpg,Modality,is this a ct scan?,yes,yes,1.0,1.0,0.5,1.0
val_00068,synpic57239.jpg,Modality,what imaging modality was used to take this image?,mr - flair,ct scan,0.0,0.0,0.0071,0.0
val_00069,synpic54730.jpg,Modality,what imaging modality was used to take this image?,ct with iv contrast,ct scan,0.0,0.1839,0.026,0.3333
val_00070,synpic52631.jpg,Modality,what imaging modality was used to take this image?,mr - t2 weighted,mr - t2 weighted,1.0,1.0,1.0,1.0
val_00071,synpic28837.jpg,Modality,is this a contrast or noncontrast ct?,noncontrast,ct scan,0.0,0.0,0.0025,0.0
val_00072,synpic39709.jpg,Modality,was the mri taken with contrast?,yes,ct scan,0.0,0.0,0.0025,0.0
val_00073,synpic61204.jpg,Modality,what imaging modality is seen here?,xr - plain film,xr - plain film,1.0,1.0,1.0,1.0
val_00074,synpic27523.jpg,Modality,what type of imaging modality is shown?,ct w/contrast (iv),ct scan,0.0,0.1839,0.026,0.3333
val_00075,synpic61238.jpg,Modality,is this a ct scan?,yes,ct scan,0.0,0.0,0.0025,0.0
val_00076,synpic58532.jpg,Modality,what imaging modality was used to take this image?,mr - t1w w/gadolinium,mr - t1w w/gadolinium,1.0,1.0,1.0,1.0
val_00077,synpic45577.jpg,Modality,is this an mri image?,no,ct scan,0.0,0.0,0.0025,0.0
val_00078,synpic39696.jpg,Modality,what is the mr weighting in this image?,t1,ct scan,0.0,0.0,0.0025,0.0
val_00079,synpic23157.jpg,Modality,what imaging modality was used to take this image?,"mr t2* gradient,gre,mpgr,swan,swi","mr t2* gradient,gre,mpgr,swan,swi",1.0,1.0,1.0,1.0
val_00080,synpic23631.jpg,Modality,is this a contrast or noncontrast ct?,noncontrast,ct scan,0.0,0.0,0.0025,0.0
val_00081,synpic27319.jpg,Modality,how was this image taken?,xr - plain film,ct scan,0.0,0.0,0.0043,0.0
val_00082,synpic51072.jpg,Modality,what imaging modality was used to take this image?,mr - t1w - noncontrast,mr - t1w - noncontrast,1.0,1.0,1.0,1.0
val_00083,synpic53659.jpg,Modality,is this an mri image?,yes,ct scan,0.0,0.0,0.0025,0.0
val_00084,synpic58095.jpg,Modality,is this an mri image?,no,ct scan,0.0,0.0,0.0025,0.0
val_00085,synpic60250.jpg,Modality,"is this a t1 weighted, t2 weighted, or flair image?",t2,t2,1.0,1.0,0.5,1.0
val_00086,synpic40194.jpg,Modality,is this a contrast or noncontrast ct?,noncontrast,ct scan,0.0,0.0,0.0025,0.0
val_00087,synpic29645.jpg,Modality,what imaging modality was used to take this image?,mr - t2 weighted,ct scan,0.0,0.0,0.0043,0.0
val_00088,synpic31036.jpg,Modality,was gi contrast given to the patient?,no,no,1.0,1.0,0.5,1.0
val_00089,synpic33806.jpg,Modality,what imaging modality was used to take this image?,mr - t2 weighted,ct scan,0.0,0.0,0.0043,0.0
val_00090,synpic27873.jpg,Modality,with what modality is this image taken?,mammograph,ct scan,0.0,0.0,0.0025,0.0
val_00091,synpic38953.jpg,Modality,how was this image taken?,xr - plain film,xr - plain film,1.0,1.0,1.0,1.0
val_00092,synpic49172.jpg,Modality,what imaging modality is used to acquire this picture?,mr - pdw proton density,ct scan,0.0,0.0,0.0026,0.0
val_00093,synpic59407.jpg,Modality,is this a t1 weighted image?,no,ct scan,0.0,0.0,0.0025,0.0
val_00094,synpic43477.jpg,Modality,what type of imaging does this represent?,xr - plain film,xr - plain film,1.0,1.0,1.0,1.0
val_00095,synpic53314.jpg,Modality,is this an mri image?,yes,ct scan,0.0,0.0,0.0025,0.0
val_00096,synpic46876.jpg,Modality,how is the image taken?,xr - plain film,ct scan,0.0,0.0,0.0043,0.0
val_00097,synpic28188.jpg,Modality,what type of imaging modality is seen in this image?,xr - plain film,xr - plain film,1.0,1.0,1.0,1.0
val_00098,synpic47573.jpg,Modality,was the mri taken with contrast?,no,ct scan,0.0,0.0,0.0025,0.0
val_00099,synpic30260.jpg,Modality,what type of imaging is this?,an - angiogram,ct scan,0.0,0.0,0.0071,0.0
val_00100,synpic45827.jpg,Modality,"is this a t1 weighted, t2 weighted, or flair image?",t2,t2,1.0,1.0,0.5,1.0
val_00101,synpic27046.jpg,Modality,"is this a t1 weighted, t2 weighted, or flair image?",t2,ct scan,0.0,0.0,0.0025,0.0
val_00102,synpic20729.jpg,Modality,is this a contrast or noncontrast ct?,noncontrast,ct scan,0.0,0.0,0.0025,0.0
val_00103,synpic30248.jpg,Modality,is this a noncontrast ct?,no,no,1.0,1.0,0.5,1.0
val_00104,synpic53738.jpg,Modality,"is this image modality t1, t2, or flair?",t2,ct scan,0.0,0.0,0.0025,0.0
val_00105,synpic17620.jpg,Modality,was gi contrast given to the patient?,no,ct scan,0.0,0.0,0.0025,0.0
val_00106,synpic47017.jpg,Modality,is this a t2 weighted image?,no,no,1.0,1.0,0.5,1.0
val_00107,synpic41314.jpg,Modality,"is this a t1 weighted, t2 weighted, or flair image?",t2,ct scan,0.0,0.0,0.0025,0.0
val_00108,synpic55403.jpg,Modality,is this a contrast or noncontrast ct?,noncontrast,ct scan,0.0,0.0,0.0025,0.0
val_00109,synpic27730.jpg,Modality,with what modality is this image taken?,us - ultrasound,us - ultrasound,1.0,1.0,1.0,1.0
val_00110,synpic58682.jpg,Modality,what imaging modality was used to take this image?,mr - t1w w/gadolinium,ct scan,0.0,0.0,0.0026,0.0
val_00111,synpic50023.jpg,Modality,what type of imaging does this represent?,xr - plain film,ct scan,0.0,0.0,0.0043,0.0
val_00112,synpic57758.jpg,Modality,is this an mri image?,yes,yes,1.0,1.0,0.5,1.0
val_00113,synpic19225.jpg,Modality,how was the image taken?,mr - flair,ct scan,0.0,0.0,0.0071,0.0
val_00114,synpic16880.jpg,Modality,what type of image modality is seen?,xr - plain film,ct scan,0.0,0.0,0.0043,0.0
val_00115,synpic48730.jpg,Modality,is this an mri image?,no,no,1.0,1.0,0.5,1.0
val_00116,synpic21786.jpg,Modality,was the ct scan taken with contrast?,no,ct scan,0.0,0.0,0.0025,0.0
val_00117,synpic25090.jpg,Modality,was the ct scan taken with contrast?,yes,ct scan,0.0,0.0,0.0025,0.0
val_00118,synpic58912.jpg,Modality,is this a ct scan?,no,no,1.0,1.0,0.5,1.0
val_00119,synpic35240.jpg,Modality,what imaging modality was used to take this image?,mr - t2 weighted,ct scan,0.0,0.0,0.0043,0.0
val_00120,synpic33143.jpg,Modality,what was this image taken with?,mr - pdw proton density,ct scan,0.0,0.0,0.0026,0.0
val_00121,synpic28204.jpg,Modality,what imaging modality was used to take this image?,ct with gi and iv contrast,ct with gi and iv contrast,1.0,1.0,1.0,1.0
val_00122,synpic26201.jpg,Modality,what was this image taken with?,xr - plain film,ct scan,0.0,0.0,0.0043,0.0
val_00123,synpic41271.jpg,Modality,what kind of scan is this?,xr - plain film,ct scan,0.0,0.0,0.0043,0.0
val_00124,synpic8182.jpg,Modality,what is the modality?,be - barium enema,be - barium enema,1.0,1.0,1.0,1.0
val_00125,synpic57188.jpg,Modality,was the mri taken with contrast?,yes,ct scan,0.0,0.0,0.0025,0.0
val_00126,synpic43843.jpg,Modality,what type of imaging modality is used to acquire the image?,an - angiogram,ct scan,0.0,0.0,0.0071,0.0
val_00127,synpic36210.jpg,Modality,was gi contrast given to the patient?,no,no,1.0,1.0,0.5,1.0
val_00128,synpic58495.jpg,Modality,is this a t2 weighted image?,no,ct scan,0.0,0.0,0.0025,0.0
val_00129,synpic40231.jpg,Modality,"is this a t1 weighted, t2 weighted, or flair image?",t2,ct scan,0.0,0.0,0.0025,0.0
val_00130,synpic40782.jpg,Modality,what imaging modality was used to take this image?,ct noncontrast,ct noncontrast,1.0,1.0,1.0,1.0
val_00131,synpic53098.jpg,Modality,is this a ct scan?,no,ct scan,0.0,0.0,0.0025,0.0
val_00132,synpic31184.jpg,Modality,was gi contrast given to the patient?,no,ct scan,0.0,0.0,0.0025,0.0
val_00133,synpic56123.jpg,Modality,what imaging method was used?,xr - plain film,xr - plain film,1.0,1.0,1.0,1.0
val_00134,synpic59548.jpg,Modality,is this a ct scan?,yes,ct scan,0.0,0.0,0.0025,0.0
val_00135,synpic21418.jpg,Modality,is this a contrast or noncontrast ct?,contrast,ct scan,0.0,0.0,0.0025,0.0
val_00136,synpic17814.jpg,Modality,is this a noncontrast ct?,no,no,1.0,1.0,0.5,1.0
val_00137,synpic22893.jpg,Modality,is this a contrast or noncontrast ct?,contrast,ct scan,0.0,0.0,0.0025,0.0
val_00138,synpic33236.jpg,Modality,what type of image modality is this?,an - angiogram,ct scan,0.0,0.0,0.0071,0.0
val_00139,synpic59945.jpg,Modality,what type of image modality is this?,cta - ct angiography,cta - ct angiography,1.0,1.0,1.0,1.0
val_00140,synpic27492.jpg,Modality,what is the mr weighting in this image?,t2,ct scan,0.0,0.0,0.0025,0.0
val_00141,synpic45565.jpg,Modality,was the ct scan taken with contrast?,no,ct scan,0.0,0.0,0.0025,0.0
val_00142,synpic16883.jpg,Modality,is this a t1 weighted image?,no,no,1.0,1.0,0.5,1.0
val_00143,synpic43699.jpg,Modality,is this a noncontrast mri?,yes,ct scan,0.0,0.0,0.0025,0.0
val_00144,synpic23151.jpg,Modality,what imaging modality was used to take this image?,xr - plain film,ct scan,0.0,0.0,0.0043,0.0
val_00145,synpic21020.jpg,Modality,is this a noncontrast ct?,yes,yes,1.0,1.0,0.5,1.0
val_00146,synpic52596.jpg,Modality,what imaging modality is used?,xr - plain film,ct scan,0.0,0.0,0.0043,0.0
val_00147,synpic56901.jpg,Modality,is this a ct scan?,no,ct scan,0.0,0.0,0.0025,0.0
val_00148,synpic38404.jpg,Modality,"is this a t1 weighted, t2 weighted, or flair image?",t2,t2,1.0,1.0,0.5,1.0
val_00149,synpic40597.jpg,Modality,was the ct scan taken with contrast?,yes,ct scan,0.0,0.0,0.0025,0.0
val_00150,synpic26612.jpg,Modality,what type of imaging was used?,an - angiogram,ct scan,0.0,0.0,0.0071,0.0
val_00151,synpic100332.jpg,Modality,what type of image modality is this?,xr - plain film,xr - plain film,1.0,1.0,1.0,1.0
val_00152,synpic26809.jpg,Modality,was the ct scan taken with contrast?,no,ct scan,0.0,0.0,0.0025,0.0
val_00153,synpic59005.jpg,Modality,how was the image taken?,mr - flair,ct scan,0.0,0.0,0.0071,0.0
val_00154,synpic43576.jpg,Modality,what modality is used to take this image?,xr - plain film,xr - plain film,1.0,1.0,1.0,1.0
val_00155,synpic33913.jpg,Modality,"is this image modality t1, t2, or flair?",t2,ct scan,0.0,0.0,0.0025,0.0
val_00156,synpic23255.jpg,Modality,is this a contrast or noncontrast ct?,noncontrast,ct scan,0.0,0.0,0.0025,0.0
val_00157,synpic21442.jpg,Modality,is this a ct scan?,yes,yes,1.0,1.0,0.5,1.0
val_00158,synpic38885.jpg,Modality,was gi contrast given to the patient?,no,ct scan,0.0,0.0,0.0025,0.0
val_00159,synpic17866.jpg,Modality,what type of imaging modality is shown?,ct w/contrast (iv),ct scan,0.0,0.1839,0.026,0.3333
val_00160,synpic24512.jpg,Modality,is 	this a t1 weighted image?,yes,yes,1.0,1.0,0.5,1.0
val_00161,synpic24506.jpg,Modality,is 	this a t1 weighted image?,yes,ct scan,0.0,0.0,0.0025,0.0
val_00162,synpic39557.jpg,Modality,what type of imaging modality is used to acquire the image?,xr - plain film,ct scan,0.0,0.0,0.0043,0.0
val_00163,synpic33293.jpg,Modality,what is the modality of this image?,ugi - upper gi,ugi - upper gi,1.0,1.0,1.0,1.0
val_00164,synpic13143.jpg,Modality,is this a t2 weighted image?,no,ct scan,0.0,0.0,0.0025,0.0
val_00165,synpic17319.jpg,Modality,what imaging modality was used to take this image?,ct noncontrast,ct scan,0.0,0.5,0.0707,0.5
val_00166,synpic33481.jpg,Modality,what imaging modality was used to take this image?,xr - plain film,xr - plain film,1.0,1.0,1.0,1.0
val_00167,synpic24857.jpg,Modality,is this an mri image?,no,ct scan,0.0,0.0,0.0025,0.0
val_00168,synpic37195.jpg,Modality,is this a noncontrast ct?,no,ct scan,0.0,0.0,0.0025,0.0
val_00169,synpic48796.jpg,Modality,is this an mri image?,no,no,1.0,1.0,0.5,1.0
val_00170,synpic47664.jpg,Modality,what imaging modality was used to take this image?,mr - t1w w/gd (fat suppressed),ct scan,0.0,0.0,0.001,0.0
val_00171,synpic56027.jpg,Modality,is this a noncontrast ct?,yes,ct scan,0.0,0.0,0.0025,0.0
val_00172,synpic42084.jpg,Modality,is this a contrast or noncontrast mri?,noncontrast,noncontrast,1.0,1.0,0.5,1.0
val_00173,synpic37433.jpg,Modality,is this a t1 weighted image?,no,ct scan,0.0,0.0,0.0025,0.0
val_00174,synpic34853.jpg,Modality,which image modality is this?,mr - flair,ct scan,0.0,0.0,0.0071,0.0
val_00175,synpic32749.jpg,Modality,is this a ct scan?,yes,yes,1.0,1.0,0.5,1.0
val_00176,synpic60966.jpg,Modality,what type of imaging modality is seen in this image?,xr - plain film,ct scan,0.0,0.0,0.0043,0.0
val_00177,synpic25382.jpg,Modality,what is the modality?,pet-ct fusion,ct scan,0.0,0.0,0.0071,0.0
val_00178,synpic39967.jpg,Modality,is this a t2 weighted image?,no,no,1.0,1.0,0.5,1.0
val_00179,synpic27768.jpg,Modality,how is the image taken?,an - angiogram,ct scan,0.0,0.0,0.0071,0.0
val_00180,synpic30200.jpg,Modality,what modality is shown?,xr - plain film,ct scan,0.0,0.0,0.0043,0.0
val_00181,synpic31678.jpg,Modality,is this an mri image?,no,no,1.0,1.0,0.5,1.0
val_00182,synpic53994.jpg,Modality,is this a contrast or noncontrast ct?,noncontrast,ct scan,0.0,0.0,0.0025,0.0
val_00183,synpic49072.jpg,Modality,what imaging modality was used to take this image?,mr - t1w - noncontrast,ct scan,0.0,0.0,0.0043,0.0
val_00184,synpic19651.jpg,Modality,was the mri taken with contrast?,no,no,1.0,1.0,0.5,1.0
val_00185,synpic53980.jpg,Modality,"is this a t1 weighted, t2 weighted, or flair image?",flair,ct scan,0.0,0.0,0.0025,0.0
val_00186,synpic33084.jpg,Modality,what type of imaging modality is shown?,ct - gi & iv contrast,ct scan,0.0,0.1839,0.026,0.3333
val_00187,synpic56608.jpg,Modality,what imaging modality was used to take this image?,ct noncontrast,ct noncontrast,1.0,1.0,1.0,1.0
val_00188,synpic48422.jpg,Modality,what is the mr weighting in this image?,t1,ct scan,0.0,0.0,0.0025,0.0
val_00189,synpic46419.jpg,Modality,is this a ct scan?,no,ct scan,0.0,0.0,0.0025,0.0
val_00190,synpic17124.jpg,Modality,what type of imaging modality is shown?,xr - plain film,xr - plain film,1.0,1.0,1.0,1.0
val_00191,synpic47049.jpg,Modality,what imaging modality was used to take this image?,ct with iv contrast,ct scan,0.0,0.1839,0.026,0.3333
val_00192,synpic40915.jpg,Modality,is this a noncontrast mri?,no,ct scan,0.0,0.0,0.0025,0.0
val_00193,synpic51818.jpg,Modality,is this a noncontrast ct?,yes,yes,1.0,1.0,0.5,1.0
val_00194,synpic32401.jpg,Modality,what type of imaging modality is shown?,xr - plain film,ct scan,0.0,0.0,0.0043,0.0
val_00195,synpic34070.jpg,Modality,what type of imaging modality is shown?,ct - gi & iv contrast,ct scan,0.0,0.1839,0.026,0.3333
val_00196,synpic55854.jpg,Modality,what imaging modality is used?,mra - mr angiography/venography,mra - mr angiography/venography,1.0,1.0,1.0,1.0
val_00197,synpic29237.jpg,Modality,what modality was used to take this image?,xr - plain film,ct scan,0.0,0.0,0.0043,0.0
val_00198,synpic39193.jpg,Modality,was the mri taken with contrast?,no,ct scan,0.0,0.0,0.0025,0.0
val_00199,synpic33455.jpg,Modality,what type of imaging modality is shown?,us - ultrasound,us - ultrasound,1.0,1.0,1.0,1.0
val_00200,synpic41564.jpg,Modality,is this a noncontrast mri?,yes,ct scan,0.0,0.0,0.0025,0.0
val_00201,synpic54169.jpg,Modality,is this a noncontrast mri?,yes,ct scan,0.0,0.0,0.0025,0.0
val_00202,synpic57312.jpg,Modality,was the ct scan taken with contrast?,no,no,1.0,1.0,0.5,1.0
val_00203,synpic54627.jpg,Modality,what imaging modality was used to take this image?,mr - t2 weighted,ct scan,0.0,0.0,0.0043,0.0
val_00204,synpic58790.jpg,Modality,what imaging modality was used to take this image?,ct noncontrast,ct scan,0.0,0.5,0.0707,0.5
val_00205,synpic58974.jpg,Modality,"is this a t1 weighted, t2 weighted, or flair image?",t2,t2,1.0,1.0,0.5,1.0
val_00206,synpic35568.jpg,Modality,is this a noncontrast ct?,yes,ct scan,0.0,0.0,0.0025,0.0
val_00207,synpic53835.jpg,Modality,what is the modality of this image?,mr - other pulse seq.,ct scan,0.0,0.0,0.0026,0.0
val_00208,synpic47855.jpg,Modality,was the mri taken with contrast?,no,no,1.0,1.0,0.5,1.0
val_00209,synpic58008.jpg,Modality,what imaging modality was used to take this image?,ct noncontrast,ct scan,0.0,0.5,0.0707,0.5
val_00210,synpic15120.jpg,Modality,is this a t1 weighted image?,no,ct scan,0.0,0.0,0.0025,0.0
val_00211,synpic33695.jpg,Modality,how was this image taken?,xr - plain film,xr - plain film,1.0,1.0,1.0,1.0
val_00212,synpic100545.jpg,Modality,what type of imaging modality is shown?,xr - plain film,ct scan,0.0,0.0,0.0043,0.0
val_00213,synpic58544.jpg,Modality,what imaging modality was used to take this image?,mr - flair,ct scan,0.0,0.0,0.0071,0.0
val_00214,synpic32825.jpg,Modality,what is the modality?,xr - plain film,xr - plain film,1.0,1.0,1.0,1.0
val_00215,synpic41613.jpg,Modality,is this an mri image?,no,ct scan,0.0,0.0,0.0025,0.0
val_00216,synpic39569.jpg,Modality,what type of imaging is this?,xr - plain film,ct scan,0.0,0.0,0.0043,0.0
val_00217,synpic24538.jpg,Modality,what type of imaging was used?,xr - plain film,xr - plain film,1.0,1.0,1.0,1.0
val_00218,synpic17121.jpg,Modality,what type of imaging modality is seen in this image?,xr - plain film,ct scan,0.0,0.0,0.0043,0.0
val_00219,synpic34061.jpg,Modality,how was this image taken?,us - ultrasound,ct scan,0.0,0.0,0.0071,0.0
val_00220,synpic36110.jpg,Modality,with what modality is this image taken?,xr - plain film,xr - plain film,1.0,1.0,1.0,1.0
val_00221,synpic56814.jpg,Modality,what is the modality?,mr - pdw proton density,ct scan,0.0,0.0,0.0026,0.0
val_00222,synpic43955.jpg,Modality,is this a t1 weighted image?,no,ct scan,0.0,0.0,0.0025,0.0
val_00223,synpic54434.jpg,Modality,is this a t1 weighted image?,no,no,1.0,1.0,0.5,1.0
val_00224,synpic24879.jpg,Modality,what type of contrast did this patient have?,gi and iv,ct scan,0.0,0.0,0.0043,0.0
val_00225,synpic39828.jpg,Modality,what imaging modality was used to take this image?,mr - t1w w/gadolinium,ct scan,0.0,0.0,0.0026,0.0
val_00226,synpic48021.jpg,Modality,what imaging modality was used to take this image?,mr - t1w w/gadolinium,mr - t1w w/gadolinium,1.0,1.0,1.0,1.0
val_00227,synpic49129.jpg,Modality,what type of contrast did this patient have?,iv,ct scan,0.0,0.0,0.0025,0.0
val_00228,synpic58742.jpg,Modality,is this a contrast or noncontrast ct?,noncontrast,ct scan,0.0,0.0,0.0025,0.0
val_00229,synpic15871.jpg,Modality,was gi contrast given to the patient?,no,no,1.0,1.0,0.5,1.0
val_00230,synpic58965.jpg,Modality,is this a ct scan?,no,ct scan,0.0,0.0,0.0025,0.0
val_00231,synpic39357.jpg,Modality,what modality is shown?,xr - plain film,ct scan,0.0,0.0,0.0043,0.0
val_00232,synpic60223.jpg,Modality,"is this image modality t1, t2, or flair?",t2,t2,1.0,1.0,0.5,1.0
val_00233,synpic34841.jpg,Modality,is this a ct scan?,no,ct scan,0.0,0.0,0.0025,0.0
val_00234,synpic21041.jpg,Modality,what type of contrast did this patient have?,iv,ct scan,0.0,0.0,0.0025,0.0
val_00235,synpic55071.jpg,Modality,is this a contrast or noncontrast mri?,contrast,contrast,1.0,1.0,0.5,1.0
val_00236,synpic41825.jpg,Modality,"is this a t1 weighted, t2 weighted, or flair image?",t1,ct scan,0.0,0.0,0.0025,0.0
val_00237,synpic55850.jpg,Modality,was the mri taken with contrast?,no,ct scan,0.0,0.0,0.0025,0.0
val_00238,synpic34276.jpg,Modality,is this a t1 weighted image?,no,no,1.0,1.0,0.5,1.0
val_00239,synpic25384.jpg,Modality,"is this image modality t1, t2, or flair?",t2,ct scan,0.0,0.0,0.0025,0.0
val_00240,synpic43767.jpg,Modality,what type of imaging modality is shown?,ct w/contrast (iv),ct scan,0.0,0.1839,0.026,0.3333
val_00241,synpic23252.jpg,Modality,what imaging modality is used?,us - ultrasound,us - ultrasound,1.0,1.0,1.0,1.0
val_00242,synpic53789.jpg,Modality,is this a noncontrast mri?,no,ct scan,0.0,0.0,0.0025,0.0
val_00243,synpic52468.jpg,Modality,is this a noncontrast mri?,no,ct scan,0.0,0.0,0.0025,0.0
val_00244,synpic42135.jpg,Modality,is this a ct scan?,yes,yes,1.0,1.0,0.5,1.0
val_00245,synpic58184.jpg,Modality,"is this a t1 weighted, t2 weighted, or flair image?",t2,ct scan,0.0,0.0,0.0025,0.0
val_00246,synpic48397.jpg,Modality,"is this a t1 weighted, t2 weighted, or flair image?",t1,ct scan,0.0,0.0,0.0025,0.0
val_00247,synpic45466.jpg,Modality,what type of imaging is this?,mr - stir,mr - stir,1.0,1.0,1.0,1.0
val_00248,synpic46966.jpg,Modality,what modality is used to take this image?,xr - plain film,ct scan,0.0,0.0,0.0043,0.0
val_00249,synpic39618.jpg,Modality,what type of imaging was used?,xr - plain film,ct scan,0.0,0.0,0.0043,0.0
val_00250,synpic18359.jpg,Modality,is this a t1 weighted image?,no,no,1.0,1.0,0.5,1.0
val_00251,synpic56036.jpg,Modality,is this a t2 weighted image?,no,ct scan,0.0,0.0,0.0025,0.0
val_00252,synpic49116.jpg,Modality,"is this a t1 weighted, t2 weighted, or flair image?",t1,ct scan,0.0,0.0,0.0025,0.0
val_00253,synpic53199.jpg,Modality,is this a ct scan?,yes,yes,1.0,1.0,0.5,1.0
val_00254,synpic38739.jpg,Modality,how was the image taken?,us - ultrasound,ct scan,0.0,0.0,0.0071,0.0
val_00255,synpic17902.jpg,Modality,what is the mr weighting in this image?,t2,ct scan,0.0,0.0,0.0025,0.0
val_00256,synpic22952.jpg,Modality,is this a noncontrast ct?,no,no,1.0,1.0,0.5,1.0
val_00257,synpic16361.jpg,Modality,is this a t2 weighted image?,no,ct scan,0.0,0.0,0.0025,0.0
val_00258,synpic19052.jpg,Modality,what imaging modality was used to take this image?,ct noncontrast,ct scan,0.0,0.5,0.0707,0.5
val_00259,synpic27433.jpg,Modality,what type of imaging was used?,us - ultrasound,us - ultrasound,1.0,1.0,1.0,1.0
val_00260,synpic54393.jpg,Modality,"is this image modality t1, t2, or flair?",t2,ct scan,0.0,0.0,0.0025,0.0
val_00261,synpic42268.jpg,Modality,is this a noncontrast ct?,no,ct scan,0.0,0.0,0.0025,0.0
val_00262,synpic17527.jpg,Modality,what modality is shown?,xr - plain film,xr - plain film,1.0,1.0,1.0,1.0
val_00263,synpic43604.jpg,Modality,what is the modality?,us - ultrasound,ct scan,0.0,0.0,0.0071,0.0
val_00264,synpic50917.jpg,Modality,"is this image modality t1, t2, or flair?",t2,ct scan,0.0,0.0,0.0025,0.0
val_00265,synpic39751.jpg,Modality,with what modality is this image taken?,xr - plain film,xr - plain film,1.0,1.0,1.0,1.0
val_00266,synpic21687.jpg,Modality,what is the modality?,xr - plain film,ct scan,0.0,0.0,0.0043,0.0
val_00267,synpic35180.jpg,Modality,was gi contrast given to the patient?,no,ct scan,0.0,0.0,0.0025,0.0
val_00268,synpic18012.jpg,Modality,"is this image modality t1, t2, or flair?",flair,flair,1.0,1.0,0.5,1.0
val_00269,synpic16765.jpg,Modality,what kind of image is this?,xr - plain film,ct scan,0.0,0.0,0.0043,0.0
val_00270,synpic19640.jpg,Modality,what modality is used to take this image?,xr - plain film,ct scan,0.0,0.0,0.0043,0.0
val_00271,synpic54017.jpg,Modality,is this a noncontrast mri?,no,no,1.0,1.0,0.5,1.0
val_00272,synpic33926.jpg,Modality,is this a ct scan?,yes,ct scan,0.0,0.0,0.0025,0.0
val_00273,synpic59241.jpg,Modality,is this a t2 weighted image?,no,ct scan,0.0,0.0,0.0025,0.0
val_00274,synpic44990.jpg,Modality,is this a t1 weighted image?,no,no,1.0,1.0,0.5,1.0
val_00275,synpic28094.jpg,Modality,what type of imaging modality is shown?,xr - plain film,ct scan,0.0,0.0,0.0043,0.0
val_00276,synpic35947.jpg,Modality,what imaging modality was used to take this image?,mr - t2 weighted,ct scan,0.0,0.0,0.0043,0.0
val_00277,synpic41793.jpg,Modality,"is this image modality t1, t2, or flair?",t2,t2,1.0,1.0,0.5,1.0
val_00278,synpic43423.jpg,Modality,is this a t2 weighted image?,no,ct scan,0.0,0.0,0.0025,0.0
val_00279,synpic16378.jpg,Modality,is this a noncontrast ct?,no,ct scan,0.0,0.0,0.0025,0.0
val_00280,synpic33107.jpg,Modality,is this an mri image?,yes,yes,1.0,1.0,0.5,1.0
val_00281,synpic47877.jpg,Modality,is this a contrast or noncontrast mri?,contrast,ct scan,0.0,0.0,0.0025,0.0
val_00282,synpic22547.jpg,Modality,is this a ct scan?,yes,ct scan,0.0,0.0,0.0025,0.0
val_00283,synpic33489.jpg,Modality,is this a noncontrast ct?,no,no,1.0,1.0,0.5,1.0
val_00284,synpic20393.jpg,Modality,how was this image taken?,xr - plain film,ct scan,0.0,0.0,0.0043,0.0
val_00285,synpic50674.jpg,Modality,what is the mr weighting in this image?,t2,ct scan,0.0,0.0,0.0025,0.0
val_00286,synpic46002.jpg,Modality,is this a ct scan?,yes,yes,1.0,1.0,0.5,1.0
val_00287,synpic41751.jpg,Modality,with what modality is this image taken?,an - angiogram,ct scan,0.0,0.0,0.0071,0.0
val_00288,synpic21890.jpg,Modality,what imaging modality was used?,mr - other pulse seq.,ct scan,0.0,0.0,0.0026,0.0
val_00289,synpic9384.jpg,Modality,what imaging modality is used to acquire this picture?,xr - plain film,xr - plain film,1.0,1.0,1.0,1.0
val_00290,synpic31315.jpg,Modality,what imaging method was used?,mammograph,ct scan,0.0,0.0,0.0025,0.0
val_00291,synpic38331.jpg,Modality,what imaging modality is seen here?,xr - plain film,ct scan,0.0,0.0,0.0043,0.0
val_00292,synpic25374.jpg,Modality,what imaging modality was used?,us - ultrasound,us - ultrasound,1.0,1.0,1.0,1.0
val_00293,synpic54214.jpg,Modality,is this an mri image?,no,ct scan,0.0,0.0,0.0025,0.0
val_00294,synpic56615.jpg,Modality,what modality was used to take this image?,cta - ct angiography,ct scan,0.0,0.3033,0.0429,0.4
val_00295,synpic37599.jpg,Modality,what imaging modality was used to take this image?,mr - t1w w/gadolinium,mr - t1w w/gadolinium,1.0,1.0,1.0,1.0
val_00296,synpic55308.jpg,Modality,was gi contrast given to the patient?,no,ct scan,0.0,0.0,0.0025,0.0
val_00297,synpic45133.jpg,Modality,is this a ct scan?,yes,ct scan,0.0,0.0,0.0025,0.0
val_00298,synpic54994.jpg,Modality,is this an mri image?,no,no,1.0,1.0,0.5,1.0
val_00299,synpic41341.jpg,Modality,is this a noncontrast ct?,yes,ct scan,0.0,0.0,0.0025,0.0
val_00300,synpic54766.jpg,Modality,what imaging modality was used to take this image?,mr - t1w w/gd (fat suppressed),ct scan,0.0,0.0,0.001,0.0
val_00301,synpic22196.jpg,Modality,is this a noncontrast ct?,yes,yes,1.0,1.0,0.5,1.0
val_00302,synpic29772.jpg,Modality,how was this image taken?,xr - plain film,ct scan,0.0,0.0,0.0043,0.0
val_00303,synpic18008.jpg,Modality,what imaging modality is used?,xr - plain film,ct scan,0.0,0.0,0.0043,0.0
val_00304,synpic30800.jpg,Modality,what type of image modality is seen?,mra - mr angiography/venography,mra - mr angiography/venography,1.0,1.0,1.0,1.0
val_00305,synpic41960.jpg,Modality,what type of imaging modality is seen in this image?,ugi - upper gi,ct scan,0.0,0.0,0.0043,0.0
val_00306,synpic28295.jpg,Modality,is this a contrast or noncontrast ct?,noncontrast,ct scan,0.0,0.0,0.0025,0.0
val_00307,synpic24487.jpg,Modality,which image modality is this?,an - angiogram,an - angiogram,1.0,1.0,1.0,1.0
val_00308,synpic20187.jpg,Modality,in what modality is this image taken?,an - angiogram,ct scan,0.0,0.0,0.0071,0.0
val_00309,synpic26246.jpg,Modality,is this a ct scan?,no,ct scan,0.0,0.0,0.0025,0.0
val_00310,synpic16352.jpg,Modality,was gi contrast given to the patient?,no,no,1.0,1.0,0.5,1.0
val_00311,synpic59337.jpg,Modality,what type of contrast did this patient have?,iv,ct scan,0.0,0.0,0.0025,0.0
val_00312,synpic48212.jpg,Modality,how was the image taken?,xr - plain film,ct scan,0.0,0.0,0.0043,0.0
val_00313,synpic57871.jpg,Modality,how was the image taken?,an - angiogram,an - angiogram,1.0,1.0,1.0,1.0
val_00314,synpic34454.jpg,Modality,what kind of image is this?,bas - barium swallow,ct scan,0.0,0.0,0.0043,0.0
val_00315,synpic17299.jpg,Modality,what kind of image is this?,an - angiogram,ct scan,0.0,0.0,0.0071,0.0
val_00316,synpic28733.jpg,Modality,was the ct scan taken with contrast?,yes,yes,1.0,1.0,0.5,1.0
val_00317,synpic55727.jpg,Modality,is 	this a t1 weighted image?,yes,ct scan,0.0,0.0,0.0025,0.0
val_00318,synpic45246.jpg,Modality,what imaging modality was used to take this image?,ct noncontrast,ct scan,0.0,0.5,0.0707,0.5
val_00319,synpic57642.jpg,Modality,is this an mri image?,no,no,1.0,1.0,0.5,1.0
val_00320,synpic60171.jpg,Modality,was the ct scan taken with contrast?,no,ct scan,0.0,0.0,0.0025,0.0
val_00321,synpic29565.jpg,Modality,what kind of scan is this?,xr - plain film,ct scan,0.0,0.0,0.0043,0.0
val_00322,synpic19303.jpg,Modality,what type of imaging does this represent?,mammograph,mammograph,1.0,1.0,0.5,1.0
val_00323,synpic51353.jpg,Modality,what is the mr weighting in this image?,t1,ct scan,0.0,0.0,0.0025,0.0
val_00324,synpic26332.jpg,Modality,was iv contrast given to the patient?,yes,ct scan,0.0,0.0,0.0025,0.0
val_00325,synpic53785.jpg,Modality,what is the mr weighting in this image?,t2,t2,1.0,1.0,0.5,1.0
val_00326,synpic53024.jpg,Modality,is this a contrast or noncontrast ct?,noncontrast,ct scan,0.0,0.0,0.0025,0.0
val_00327,synpic45861.jpg,Modality,was gi contrast given to the patient?,no,ct scan,0.0,0.0,0.0025,0.0
val_00328,synpic31104.jpg,Modality,was the ct scan taken with contrast?,no,no,1.0,1.0,0.5,1.0
val_00329,synpic49242.jpg,Modality,is this a t2 weighted image?,no,ct scan,0.0,0.0,0.0025,0.0
val_00330,synpic41636.jpg,Modality,was the ct scan taken with contrast?,no,ct scan,0.0,0.0,0.0025,0.0
val_00331,synpic58401.jpg,Modality,what type of imaging modality is seen in this image?,an - angiogram,an - angiogram,1.0,1.0,1.0,1.0
val_00332,synpic51357.jpg,Modality,"is this image modality t1, t2, or flair?",flair,ct scan,0.0,0.0,0.0025,0.0
val_00333,synpic44955.jpg,Modality,is this an mri image?,yes,ct scan,0.0,0.0,0.0025,0.0
val_00334,synpic23070.jpg,Modality,was the ct scan taken with contrast?,yes,yes,1.0,1.0,0.5,1.0
val_00335,synpic47469.jpg,Modality,what imaging modality was used to take this image?,ct with iv contrast,ct scan,0.0,0.1839,0.026,0.3333
val_00336,synpic19529.jpg,Modality,was the ct scan taken with contrast?,yes,ct scan,0.0,0.0,0.0025,0.0
val_00337,synpic46993.jpg,Modality,is this a ct scan?,no,no,1.0,1.0,0.5,1.0
val_00338,synpic28051.jpg,Modality,is this a noncontrast ct?,yes,ct scan,0.0,0.0,0.0025,0.0
val_00339,synpic58993.jpg,Modality,is this a t1 weighted image?,no,ct scan,0.0,0.0,0.0025,0.0
val_00340,synpic43431.jpg,Modality,what is the modality?,xr - plain film,xr - plain film,1.0,1.0,1.0,1.0
val_00341,synpic20814.jpg,Modality,what is the modality?,mammograph,ct scan,0.0,0.0,0.0025,0.0
val_00342,synpic46549.jpg,Modality,how is the image taken?,be - barium enema,ct scan,0.0,0.0,0.0043,0.0
val_00343,synpic54830.jpg,Modality,is this an mri image?,no,no,1.0,1.0,0.5,1.0
val_00344,synpic40845.jpg,Modality,is this a contrast or noncontrast mri?,contrast,ct scan,0.0,0.0,0.0025,0.0
val_00345,synpic35203.jpg,Modality,what imaging modality was used to take this image?,mr - t1w - noncontrast,ct scan,0.0,0.0,0.0043,0.0
val_00346,synpic58951.jpg,Modality,what imaging modality is seen here?,an - angiogram,an - angiogram,1.0,1.0,1.0,1.0
val_00347,synpic51752.jpg,Modality,what was this image taken with?,us - ultrasound,ct scan,0.0,0.0,0.0071,0.0
val_00348,synpic19716.jpg,Modality,what is the mr weighting in this image?,t1,ct scan,0.0,0.0,0.0025,0.0
val_00349,synpic56001.jpg,Modality,what imaging modality is used?,an - angiogram,an - angiogram,1.0,1.0,1.0,1.0
val_00350,synpic55508.jpg,Modality,is this an mri image?,no,ct scan,0.0,0.0,0.0025,0.0
val_00351,synpic32746.jpg,Modality,what imaging modality was used to take this image?,xr - plain film,ct scan,0.0,0.0,0.0043,0.0
val_00352,synpic52918.jpg,Modality,is this a t2 weighted image?,no,no,1.0,1.0,0.5,1.0
val_00353,synpic21672.jpg,Modality,what is the modality?,us - ultrasound,ct scan,0.0,0.0,0.0071,0.0
val_00354,synpic51395.jpg,Modality,is this a contrast or noncontrast mri?,noncontrast,ct scan,0.0,0.0,0.0025,0.0
val_00355,synpic27571.jpg,Modality,is this a ct scan?,yes,yes,1.0,1.0,0.5,1.0
val_00356,synpic50921.jpg,Modality,"is this a t1 weighted, t2 weighted, or flair image?",t1,ct scan,0.0,0.0,0.0025,0.0
val_00357,synpic53596.jpg,Modality,what type of image modality is seen?,mr - other pulse seq.,ct scan,0.0,0.0,0.0026,0.0
val_00358,synpic32632.jpg,Modality,in what modality is this image taken?,xr - plain film,xr - plain film,1.0,1.0,1.0,1.0
val_00359,synpic59939.jpg,Modality,is this a ct scan?,no,ct scan,0.0,0.0,0.0025,0.0
val_00360,synpic22390.jpg,Modality,is this an mri image?,no,ct scan,0.0,0.0,0.0025,0.0
val_00361,synpic28454.jpg,Modality,is this a noncontrast ct?,no,no,1.0,1.0,0.5,1.0
val_00362,synpic40703.jpg,Modality,"is this a t1 weighted, t2 weighted, or flair image?",t1,ct scan,0.0,0.0,0.0025,0.0
val_00363,synpic38876.jpg,Modality,is this a t1 weighted image?,no,ct scan,0.0,0.0,0.0025,0.0
val_00364,synpic15700.jpg,Modality,what type of image modality is seen?,mra - mr angiography/venography,mra - mr angiography/venography,1.0,1.0,1.0,1.0
val_00365,synpic21328.jpg,Modality,is this a t2 weighted image?,no,ct scan,0.0,0.0,0.0025,0.0
val_00366,synpic44995.jpg,Modality,which image modality is this?,mr - flair,ct scan,0.0,0.0,0.0071,0.0
val_00367,synpic48836.jpg,Modality,what type of imaging does this represent?,us - ultrasound,us - ultrasound,1.0,1.0,1.0,1.0
val_00368,synpic26651.jpg,Modality,which image modality is this?,xr - plain film,ct scan,0.0,0.0,0.0043,0.0
val_00369,synpic57862.jpg,Modality,what is the modality?,cta - ct angiography,ct scan,0.0,0.3033,0.0429,0.4
val_00370,synpic43817.jpg,Modality,is this a t1 weighted image?,no,no,1.0,1.0,0.5,1.0
val_00371,synpic24495.jpg,Modality,how was this image taken?,xr - plain film,ct scan,0.0,0.0,0.0043,0.0
val_00372,synpic22755.jpg,Modality,was the ct scan taken with contrast?,no,ct scan,0.0,0.0,0.0025,0.0
val_00373,synpic34123.jpg,Modality,is this a contrast or noncontrast ct?,contrast,contrast,1.0,1.0,0.5,1.0
val_00374,synpic22741.jpg,Modality,what imaging modality was used to take this image?,mr - t1w - noncontrast,ct scan,0.0,0.0,0.0043,0.0
val_00375,synpic33102.jpg,Modality,what kind of image is this?,xr - plain film,ct scan,0.0,0.0,0.0043,0.0
val_00376,synpic47683.jpg,Modality,is this a contrast or noncontrast ct?,contrast,contrast,1.0,1.0,0.5,1.0
val_00377,synpic19933.jpg,Modality,was the ct scan taken with contrast?,yes,ct scan,0.0,0.0,0.0025,0.0
val_00378,synpic53152.jpg,Modality,is this a t2 weighted image?,no,ct scan,0.0,0.0,0.0025,0.0
val_00379,synpic40660.jpg,Modality,"is this image modality t1, t2, or flair?",t2,t2,1.0,1.0,0.5,1.0
val_00380,synpic31933.jpg,Modality,is this a ct scan?,yes,ct scan,0.0,0.0,0.0025,0.0
val_00381,synpic24899.jpg,Modality,what type of imaging does this represent?,xr - plain film,ct scan,0.0,0.0,0.0043,0.0
val_00382,synpic55682.jpg,Modality,was the ct scan taken with contrast?,no,no,1.0,1.0,0.5,1.0
val_00383,synpic53581.jpg,Modality,which image modality is this?,xr - plain film,ct scan,0.0,0.0,0.0043,0.0
val_00384,synpic11771.jpg,Modality,is this an mri image?,no,ct scan,0.0,0.0,0.0025,0.0
val_00385,synpic31884.jpg,Modality,what type of imaging modality is shown?,ct - gi & iv contrast,ct - gi & iv contrast,1.0,1.0,1.0,1.0
val_00386,synpic17664.jpg,Modality,what modality is used to take this image?,xr - plain film,ct scan,0.0,0.0,0.0043,0.0
val_00387,synpic36696.jpg,Modality,was iv contrast given to the patient?,yes,ct scan,0.0,0.0,0.0025,0.0
val_00388,synpic53727.jpg,Modality,is this a noncontrast ct?,no,no,1.0,1.0,0.5,1.0
val_00389,synpic42170.jpg,Modality,what type of imaging was used?,xr - plain film,ct scan,0.0,0.0,0.0043,0.0
val_00390,synpic34794.jpg,Modality,"is this image modality t1, t2, or flair?",flair,ct scan,0.0,0.0,0.0025,0.0
val_00391,synpic49970.jpg,Modality,is this a contrast or noncontrast ct?,contrast,contrast,1.0,1.0,0.5,1.0
val_00392,synpic47975.jpg,Modality,what modality was used to take this image?,be - barium enema,ct scan,0.0,0.0,0.0043,0.0
val_00393,synpic40559.jpg,Modality,"is this image modality t1, t2, or flair?",t2,ct scan,0.0,0.0,0.0025,0.0
val_00394,synpic57757.jpg,Modality,is this a noncontrast mri?,no,no,1.0,1.0,0.5,1.0
val_00395,synpic21602.jpg,Modality,what imaging modality is seen here?,xr - plain film,ct scan,0.0,0.0,0.0043,0.0
val_00396,synpic47342.jpg,Modality,what imaging modality was used to take this image?,mr - flair,ct scan,0.0,0.0,0.0071,0.0
val_00397,synpic16119.jpg,Modality,is this a t2 weighted image?,no,no,1.0,1.0,0.5,1.0
val_00398,synpic48065.jpg,Modality,how was the image taken?,mr - flair,ct scan,0.0,0.0,0.0071,0.0
val_00399,synpic51285.jpg,Modality,is this a contrast or noncontrast mri?,contrast,ct scan,0.0,0.0,0.0025,0.0
val_00400,synpic36236.jpg,Modality,what is the modality?,xr - plain film,xr - plain film,1.0,1.0,1.0,1.0
val_00401,synpic28587.jpg,Modality,what type of imaging modality is shown?,us - ultrasound,ct scan,0.0,0.0,0.0071,0.0
val_00402,synpic50366.jpg,Modality,is this a contrast or noncontrast mri?,noncontrast,ct scan,0.0,0.0,0.0025,0.0
val_00403,synpic28544.jpg,Modality,what type of imaging is this?,ugi - upper gi,ugi - upper gi,1.0,1.0,1.0,1.0
val_00404,synpic37470.jpg,Modality,what modality was used to take this image?,an - angiogram,ct scan,0.0,0.0,0.0071,0.0
val_00405,synpic38742.jpg,Modality,is this a noncontrast ct?,no,ct scan,0.0,0.0,0.0025,0.0
val_00406,synpic42788.jpg,Modality,is this a contrast or noncontrast mri?,contrast,contrast,1.0,1.0,0.5,1.0
val_00407,synpic43455.jpg,Modality,what type of imaging does this represent?,xr - plain film,ct scan,0.0,0.0,0.0043,0.0
val_00408,synpic55545.jpg,Modality,how was the image taken?,mr - flair,ct scan,0.0,0.0,0.0071,0.0
val_00409,synpic38795.jpg,Modality,what imaging modality was used to take this image?,mr - t2 weighted,mr - t2 weighted,1.0,1.0,1.0,1.0
val_00410,synpic60065.jpg,Modality,is this an mri image?,yes,ct scan,0.0,0.0,0.0025,0.0
val_00411,synpic18848.jpg,Modality,with what modality is this image taken?,bas - barium swallow,ct scan,0.0,0.0,0.0043,0.0
val_00412,synpic49352.jpg,Modality,what type of imaging modality is shown?,ct w/contrast (iv),ct w/contrast (iv),1.0,1.0,1.0,1.0
val_00413,synpic23766.jpg,Modality,is this an mri image?,yes,ct scan,0.0,0.0,0.0025,0.0
val_00414,synpic50039.jpg,Modality,"is this image modality t1, t2, or flair?",t2,ct scan,0.0,0.0,0.0025,0.0
val_00415,synpic40000.jpg,Modality,is this a contrast or noncontrast mri?,contrast,contrast,1.0,1.0,0.5,1.0
val_00416,synpic54713.jpg,Modality,what type of image modality is this?,us - ultrasound,ct scan,0.0,0.0,0.0071,0.0
val_00417,synpic45150.jpg,Modality,is 	this a t1 weighted image?,yes,ct scan,0.0,0.0,0.0025,0.0
val_00418,synpic47023.jpg,Modality,"is this a t1 weighted, t2 weighted, or flair image?",t1,t1,1.0,1.0,0.5,1.0
val_00419,synpic53042.jpg,Modality,is this a t2 weighted image?,no,ct scan,0.0,0.0,0.0025,0.0
val_00420,synpic47751.jpg,Modality,what type of imaging is this?,mra - mr angiography/venography,ct scan,0.0,0.0,0.0026,0.0
val_00421,synpic57218.jpg,Modality,what type of imaging does this represent?,mr - other pulse seq.,mr - other pulse seq.,1.0,1.0,1.0,1.0
val_00422,synpic30532.jpg,Modality,how is the image taken?,xr - plain film,ct scan,0.0,0.0,0.0043,0.0
val_00423,synpic22136.jpg,Modality,in what modality is this image taken?,mammograph,ct scan,0.0,0.0,0.0025,0.0
val_00424,synpic24235.jpg,Modality,in what modality is this image taken?,us - ultrasound,us - ultrasound,1.0,1.0,1.0,1.0
val_00425,synpic48112.jpg,Modality,what imaging modality was used to take this image?,mr - t2 weighted,ct scan,0.0,0.0,0.0043,0.0
val_00426,synpic14645.jpg,Modality,is this a contrast or noncontrast mri?,noncontrast,ct scan,0.0,0.0,0.0025,0.0
val_00427,synpic58329.jpg,Modality,what imaging modality is seen here?,mra - mr angiography/venography,mra - mr angiography/venography,1.0,1.0,1.0,1.0
val_00428,synpic50775.jpg,Modality,is this an mri image?,yes,ct scan,0.0,0.0,0.0025,0.0
val_00429,synpic18902.jpg,Modality,with what modality is this image taken?,xr - plain film,ct scan,0.0,0.0,0.0043,0.0
val_00430,synpic35648.jpg,Modality,what kind of scan is this?,an - angiogram,an - angiogram,1.0,1.0,1.0,1.0
val_00431,synpic26620.jpg,Modality,what kind of image is this?,an - angiogram,ct scan,0.0,0.0,0.0071,0.0
val_00432,synpic48066.jpg,Modality,"is this a t1 weighted, t2 weighted, or flair image?",t1,ct scan,0.0,0.0,0.0025,0.0
val_00433,synpic39853.jpg,Modality,was iv contrast given to the patient?,yes,yes,1.0,1.0,0.5,1.0
val_00434,synpic27338.jpg,Modality,is this a noncontrast mri?,yes,ct scan,0.0,0.0,0.0025,0.0
val_00435,synpic37881.jpg,Modality,"is this a t1 weighted, t2 weighted, or flair image?",t1,ct scan,0.0,0.0,0.0025,0.0
val_00436,synpic33629.jpg,Modality,"is this a t1 weighted, t2 weighted, or flair image?",flair,flair,1.0,1.0,0.5,1.0
val_00437,synpic53877.jpg,Modality,is this a t1 weighted image?,no,ct scan,0.0,0.0,0.0025,0.0
val_00438,synpic39463.jpg,Modality,is this an mri image?,yes,ct scan,0.0,0.0,0.0025,0.0
val_00439,synpic43481.jpg,Modality,what type of imaging modality is used to acquire the image?,us - ultrasound,us - ultrasound,1.0,1.0,1.0,1.0
val_00440,synpic32126.jpg,Modality,what type of imaging modality is shown?,ct w/contrast (iv),ct scan,0.0,0.1839,0.026,0.3333
val_00441,synpic44926.jpg,Modality,what imaging modality was used to take this image?,mr - t2 weighted,ct scan,0.0,0.0,0.0043,0.0
val_00442,synpic58300.jpg,Modality,what is the mr weighting in this image?,t2,t2,1.0,1.0,0.5,1.0
val_00443,synpic25880.jpg,Modality,what type of image modality is seen?,bas - barium swallow,ct scan,0.0,0.0,0.0043,0.0
val_00444,synpic16292.jpg,Modality,what is the mr weighting in this image?,t1,ct scan,0.0,0.0,0.0025,0.0
val_00445,synpic51136.jpg,Modality,was gi contrast given to the patient?,no,no,1.0,1.0,0.5,1.0
val_00446,synpic49209.jpg,Modality,what kind of scan is this?,xr - plain film,ct scan,0.0,0.0,0.0043,0.0
val_00447,synpic55813.jpg,Modality,how was the image taken?,mr - flair,ct scan,0.0,0.0,0.0071,0.0
val_00448,synpic46847.jpg,Modality,was the mri taken with contrast?,yes,yes,1.0,1.0,0.5,1.0
val_00449,synpic45382.jpg,Modality,is this a t1 weighted image?,no,ct scan,0.0,0.0,0.0025,0.0
val_00450,synpic55026.jpg,Modality,is this a t1 weighted image?,no,ct scan,0.0,0.0,0.0025,0.0
val_00451,synpic21980.jpg,Modality,what modality is used to take this image?,xr - plain film,xr - plain film,1.0,1.0,1.0,1.0
val_00452,synpic48249.jpg,Modality,what imaging modality was used to take this image?,mr - t1w w/gadolinium,ct scan,0.0,0.0,0.0026,0.0
val_00453,synpic54648.jpg,Modality,how was the image taken?,an - angiogram,ct scan,0.0,0.0,0.0071,0.0
val_00454,synpic16484.jpg,Modality,what was this image taken with?,mammograph,mammograph,1.0,1.0,0.5,1.0
val_00455,synpic43447.jpg,Modality,what type of contrast did this patient have?,gi and iv,ct scan,0.0,0.0,0.0043,0.0
val_00456,synpic54675.jpg,Modality,what imaging modality was used to take this image?,mr - t1w w/gadolinium,ct scan,0.0,0.0,0.0026,0.0
val_00457,synpic29463.jpg,Modality,is this an mri image?,yes,yes,1.0,1.0,0.5,1.0
val_00458,synpic47351.jpg,Modality,is this a contrast or noncontrast ct?,contrast,ct scan,0.0,0.0,0.0025,0.0
val_00459,synpic17228.jpg,Modality,is this a t2 weighted image?,no,ct scan,0.0,0.0,0.0025,0.0
val_00460,synpic51490.jpg,Modality,was iv contrast given to the patient?,yes,yes,1.0,1.0,0.5,1.0
val_00461,synpic35880.jpg,Modality,is this a noncontrast mri?,yes,ct scan,0.0,0.0,0.0025,0.0
val_00462,synpic34552.jpg,Modality,is this an mri image?,yes,ct scan,0.0,0.0,0.0025,0.0
val_00463,synpic52166.jpg,Modality,is this a ct scan?,yes,yes,1.0,1.0,0.5,1.0
val_00464,synpic21188.jpg,Modality,what modality was used to take this image?,xr - plain film,ct scan,0.0,0.0,0.0043,0.0
val_00465,synpic57585.jpg,Modality,how is the image taken?,xr - plain film,ct scan,0.0,0.0,0.0043,0.0
val_00466,synpic40947.jpg,Modality,what is the mr weighting in this image?,t1,t1,1.0,1.0,0.5,1.0
val_00467,synpic29098.jpg,Modality,what type of image modality is seen?,mammograph,ct scan,0.0,0.0,0.0025,0.0
val_00468,synpic44506.jpg,Modality,is this a t2 weighted image?,no,ct scan,0.0,0.0,0.0025,0.0
val_00469,synpic52364.jpg,Modality,is this a contrast or noncontrast ct?,contrast,contrast,1.0,1.0,0.5,1.0
val_00470,synpic57208.jpg,Modality,was the ct scan taken with contrast?,no,ct scan,0.0,0.0,0.0025,0.0
val_00471,synpic57578.jpg,Modality,with what modality is this image taken?,cta - ct angiography,ct scan,0.0,0.3033,0.0429,0.4
val_00472,synpic58887.jpg,Modality,what imaging modality was used to take this image?,ct with iv contrast,ct with iv contrast,1.0,1.0,1.0,1.0
val_00473,synpic50565.jpg,Modality,was gi contrast given to the patient?,no,ct scan,0.0,0.0,0.0025,0.0
val_00474,synpic56114.jpg,Modality,which image modality is this?,mr - flair,ct scan,0.0,0.0,0.0071,0.0
val_00475,synpic23560.jpg,Modality,is this a ct scan?,yes,yes,1.0,1.0,0.5,1.0
val_00476,synpic34008.jpg,Modality,was gi contrast given to the patient?,no,ct scan,0.0,0.0,0.0025,0.0
val_00477,synpic16083.jpg,Modality,is this a contrast or noncontrast ct?,noncontrast,ct scan,0.0,0.0,0.0025,0.0
val_00478,synpic52004.jpg,Modality,what type of imaging modality is seen in this image?,us - ultrasound,us - ultrasound,1.0,1.0,1.0,1.0
val_00479,synpic15401.jpg,Modality,which image modality is this?,xr - plain film,ct scan,0.0,0.0,0.0043,0.0
val_00480,synpic57801.jpg,Modality,what imaging modality was used to take this image?,ct noncontrast,ct scan,0.0,0.5,0.0707,0.5
val_00481,synpic25267.jpg,Modality,what was this image taken with?,ugi - upper gi,ugi - upper gi,1.0,1.0,1.0,1.0
val_00482,synpic34632.jpg,Modality,what imaging modality was used to take this image?,ct noncontrast,ct scan,0.0,0.5,0.0707,0.5
val_00483,synpic45021.jpg,Modality,what type of imaging modality is used to acquire the image?,cta - ct angiography,ct scan,0.0,0.3033,0.0429,0.4
val_00484,synpic50410.jpg,Modality,what is the mr weighting in this image?,t1,t1,1.0,1.0,0.5,1.0
val_00485,synpic47178.jpg,Modality,what is the modality of this image?,xr - plain film,ct scan,0.0,0.0,0.0043,0.0
val_00486,synpic40398.jpg,Modality,"is this a t1 weighted, t2 weighted, or flair image?",t2,ct scan,0.0,0.0,0.0025,0.0
val_00487,synpic18681.jpg,Modality,is this a noncontrast mri?,yes,yes,1.0,1.0,0.5,1.0
val_00488,synpic38551.jpg,Modality,was the ct scan taken with contrast?,no,ct scan,0.0,0.0,0.0025,0.0
val_00489,synpic36540.jpg,Modality,is this a t2 weighted image?,no,ct scan,0.0,0.0,0.0025,0.0
val_00490,synpic17203.jpg,Modality,what type of imaging modality is shown?,ct w/contrast (iv),ct w/contrast (iv),1.0,1.0,1.0,1.0
val_00491,synpic57633.jpg,Modality,is this a t2 weighted image?,no,ct scan,0.0,0.0,0.0025,0.0
val_00492,synpic56511.jpg,Modality,"is this a t1 weighted, t2 weighted, or flair image?",t1,ct scan,0.0,0.0,0.0025,0.0
val_00493,synpic29500.jpg,Modality,what modality was used to take this image?,xr - plain film,xr - plain film,1.0,1.0,1.0,1.0
val_00494,synpic48897.jpg,Modality,"is this image modality t1, t2, or flair?",t2,ct scan,0.0,0.0,0.0025,0.0
val_00495,synpic45196.jpg,Modality,is this an mri image?,yes,ct scan,0.0,0.0,0.0025,0.0
val_00496,synpic45828.jpg,Modality,is this a noncontrast mri?,yes,yes,1.0,1.0,0.5,1.0
val_00497,synpic60458.jpg,Modality,what type of imaging is this?,xr - plain film,ct scan,0.0,0.0,0.0043,0.0
val_00498,synpic43524.jpg,Modality,is 	this a t1 weighted image?,yes,ct scan,0.0,0.0,0.0025,0.0
val_00499,synpic59568.jpg,Modality,"is this a t1 weighted, t2 weighted, or flair image?",flair,flair,1.0,1.0,0.5,1.0
val_00500,synpic48459.jpg,Modality,is this a contrast or noncontrast mri?,contrast,ct scan,0.0,0.0,0.0025,0.0
val_00501,synpic54733.jpg,Plane,in what plane is this image oriented?,axial,ct scan,0.0,0.0,0.0025,0.0
val_00502,synpic25647.jpg,Plane,what plane is this x-ray in?,ap,ap,1.0,1.0,0.5,1.0
val_00503,synpic35681.jpg,Plane,what plane is demonstrated?,coronal,ct scan,0.0,0.0,0.0025,0.0
val_00504,synpic39641.jpg,Plane,in what plane was this image taken?,axial,ct scan,0.0,0.0,0.0025,0.0
val_00505,synpic35693.jpg,Plane,in what plane is this mri taken?,sagittal,sagittal,1.0,1.0,0.5,1.0
val_00506,synpic17419.jpg,Plane,in which plane is the ct scan displayed?,axial,ct scan,0.0,0.0,0.0025,0.0
val_00507,synpic32909.jpg,Plane,what is the plane of the ct scan?,axial,ct scan,0.0,0.0,0.0025,0.0
val_00508,synpic48040.jpg,Plane,what plane was used in this ct scan?,axial,axial,1.0,1.0,0.5,1.0
val_00509,synpic48351.jpg,Plane,what imaging plane is depicted here?,frontal,ct scan,0.0,0.0,0.0025,0.0
val_00510,synpic49503.jpg,Plane,what plane is this?,coronal,ct scan,0.0,0.0,0.0025,0.0
val_00511,synpic18176.jpg,Plane,what plane is this ct scan in?,axial,axial,1.0,1.0,0.5,1.0
val_00512,synpic36498.jpg,Plane,which plane is the image shown in?,pa,ct scan,0.0,0.0,0.0025,0.0
val_00513,synpic26850.jpg,Plane,what image plane is this?,sagittal,ct scan,0.0,0.0,0.0025,0.0
val_00514,synpic19508.jpg,Plane,what plane was used?,axial,axial,1.0,1.0,0.5,1.0
val_00515,synpic23496.jpg,Plane,what is the plane of the image?,coronal,ct scan,0.0,0.0,0.0025,0.0
val_00516,synpic25435.jpg,Plane,what plane is demonstrated?,axial,ct scan,0.0,0.0,0.0025,0.0
val_00517,synpic38894.jpg,Plane,in what plane is this image oriented?,axial,axial,1.0,1.0,0.5,1.0
val_00518,synpic25620.jpg,Plane,what plane is the image acquired in?,frontal,ct scan,0.0,0.0,0.0025,0.0
val_00519,synpic25634.jpg,Plane,in what plane is this x-ray captured?,lateral,ct scan,0.0,0.0,0.0025,0.0
val_00520,synpic36490.jpg,Plane,what imaging plane is depicted here?,lateral,lateral,1.0,1.0,0.5,1.0
val_00521,synpic40658.jpg,Plane,in what plane is this image taken?,sagittal,ct scan,0.0,0.0,0.0025,0.0
val_00522,synpic27614.jpg,Plane,what plane is this x-ray in?,lateral,ct scan,0.0,0.0,0.0025,0.0
val_00523,synpic26245.jpg,Plane,what is the plane of the image?,axial,axial,1.0,1.0,0.5,1.0
val_00524,synpic25628.jpg,Plane,what image plane is this?,ap,ct scan,0.0,0.0,0.0025,0.0
val_00525,synpic34446.jpg,Plane,what image plane is this?,coronal,ct scan,0.0,0.0,0.0025,0.0
val_00526,synpic28899.jpg,Plane,which plane is this image taken?,lateral,lateral,1.0,1.0,0.5,1.0
val_00527,synpic28331.jpg,Plane,what plane is this?,sagittal,ct scan,0.0,0.0,0.0025,0.0
val_00528,synpic55791.jpg,Plane,which plane is this image taken?,axial,ct scan,0.0,0.0,0.0025,0.0
val_00529,synpic32867.jpg,Plane,what is the plane of the ct scan?,axial,axial,1.0,1.0,0.5,1.0
val_00530,synpic21201.jpg,Plane,what plane is demonstrated?,pa,ct scan,0.0,0.0,0.0025,0.0
val_00531,synpic20686.jpg,Plane,what plane is seen?,mammo - mlo,ct scan,0.0,0.0,0.0071,0.0
val_00532,synpic17412.jpg,Plane,what plane is this?,axial,axial,1.0,1.0,0.5,1.0
val_00533,synpic53907.jpg,Plane,what is the plane of the ct scan?,coronal,ct scan,0.0,0.0,0.0025,0.0
val_00534,synpic24024.jpg,Plane,what plane is the image acquired in?,sagittal,ct scan,0.0,0.0,0.0025,0.0
val_00535,synpic59540.jpg,Plane,in which plane is the mri displayed?,axial,axial,1.0,1.0,0.5,1.0
val_00536,synpic19169.jpg,Plane,in what plane is this image taken?,axial,ct scan,0.0,0.0,0.0025,0.0
val_00537,synpic52424.jpg,Plane,what plane is demonstrated?,axial,ct scan,0.0,0.0,0.0025,0.0
val_00538,synpic52430.jpg,Plane,which plane is this image in?,coronal,coronal,1.0,1.0,0.5,1.0
val_00539,synpic51878.jpg,Plane,what imaging plane is depicted here?,coronal,ct scan,0.0,0.0,0.0025,0.0
val_00540,synpic25109.jpg,Plane,which plane is the image shown in?,coronal,ct scan,0.0,0.0,0.0025,0.0
val_00541,synpic21186.jpg,Plane,what plane is seen?,lateral,lateral,1.0,1.0,0.5,1.0
val_00542,synpic52140.jpg,Plane,which plane is this image in?,axial,ct scan,0.0,0.0,0.0025,0.0
val_00543,synpic32893.jpg,Plane,what is the plane of this x-ray?,ap,ct scan,0.0,0.0,0.0025,0.0
val_00544,synpic25451.jpg,Plane,in what plane is this x-ray?,lateral,lateral,1.0,1.0,0.5,1.0
val_00545,synpic18101.jpg,Plane,which plane is the image shown in?,frontal,ct scan,0.0,0.0,0.0025,0.0
val_00546,synpic18115.jpg,Plane,what plane is seen?,sagittal,ct scan,0.0,0.0,0.0025,0.0
val_00547,synpic17583.jpg,Plane,what is the plane of the x-ray?,frontal,frontal,1.0,1.0,0.5,1.0
val_00548,synpic100295.jpg,Plane,in which plane is the ultrasound displayed?,sagittal,ct scan,0.0,0.0,0.0025,0.0
val_00549,synpic46243.jpg,Plane,what is the plane of the image?,axial,ct scan,0.0,0.0,0.0025,0.0
val_00550,synpic38951.jpg,Plane,what plane is seen?,pa,pa,1.0,1.0,0.5,1.0
val_00551,synpic60290.jpg,Plane,what is the plane of this ct scan?,coronal,ct scan,0.0,0.0,0.0025,0.0
val_00552,synpic17970.jpg,Plane,what is the plane of the image?,ap,ct scan,0.0,0.0,0.0025,0.0
val_00553,synpic17780.jpg,Plane,in what plane is this gastrointestinal image taken?,frontal,frontal,1.0,1.0,0.5,1.0
val_00554,synpic28216.jpg,Plane,what plane was used?,pa,ct scan,0.0,0.0,0.0025,0.0
val_00555,synpic31753.jpg,Plane,what is the plane of the ct scan?,axial,ct scan,0.0,0.0,0.0025,0.0
val_00556,synpic16475.jpg,Plane,in what plane is this image oriented?,axial,axial,1.0,1.0,0.5,1.0
val_00557,synpic38575.jpg,Plane,in what plane was this image taken?,sagittal,ct scan,0.0,0.0,0.0025,0.0
val_00558,synpic41707.jpg,Plane,what plane is the image acquired in?,sagittal,ct scan,0.0,0.0,0.0025,0.0
val_00559,synpic26950.jpg,Plane,which plane is the image shown in?,oblique,oblique,1.0,1.0,0.5,1.0
val_00560,synpic18921.jpg,Plane,what plane is this ultrasound in?,transverse,ct scan,0.0,0.0,0.0025,0.0
val_00561,synpic29054.jpg,Plane,in what plane is this image oriented?,ap,ct scan,0.0,0.0,0.0025,0.0
val_00562,synpic56870.jpg,Plane,what imaging plane is depicted here?,axial,axial,1.0,1.0,0.5,1.0
val_00563,synpic21385.jpg,Plane,in what plane is this mri?,axial,ct scan,0.0,0.0,0.0025,0.0
val_00564,synpic57577.jpg,Plane,what plane is demonstrated?,oblique,ct scan,0.0,0.0,0.0025,0.0
val_00565,synpic40779.jpg,Plane,in what plane is this image taken?,axial,axial,1.0,1.0,0.5,1.0
val_00566,synpic49985.jpg,Plane,what plane is this ct scan in?,sagittal,ct scan,0.0,0.0,0.0025,0.0
val_00567,synpic50556.jpg,Plane,what plane was used?,axial,ct scan,0.0,0.0,0.0025,0.0
val_00568,synpic57239.jpg,Plane,which plane is the image shown in?,sagittal,sagittal,1.0,1.0,0.5,1.0
val_00569,synpic54730.jpg,Plane,in what plane is this ct scan?,coronal,ct scan,0.0,0.0,0.0025,0.0
val_00570,synpic52631.jpg,Plane,what is the plane of this mri?,axial,ct scan,0.0,0.0,0.0025,0.0
val_00571,synpic28837.jpg,Plane,in what plane is this image taken?,axial,axial,1.0,1.0,0.5,1.0
val_00572,synpic39709.jpg,Plane,what is the plane of the mri?,coronal,ct scan,0.0,0.0,0.0025,0.0
val_00573,synpic61204.jpg,Plane,in what plane is this image oriented?,oblique,ct scan,0.0,0.0,0.0025,0.0
val_00574,synpic27523.jpg,Plane,what is the plane of the image?,axial,axial,1.0,1.0,0.5,1.0
val_00575,synpic61238.jpg,Plane,what plane is this ct scan in?,axial,ct scan,0.0,0.0,0.0025,0.0
val_00576,synpic58532.jpg,Plane,what plane was used in this mri?,coronal,ct scan,0.0,0.0,0.0025,0.0
val_00577,synpic45577.jpg,Plane,what plane is this?,axial,axial,1.0,1.0,0.5,1.0
val_00578,synpic39696.jpg,Plane,what is the plane of the image?,sagittal,ct scan,0.0,0.0,0.0025,0.0
val_00579,synpic23157.jpg,Plane,in what plane was this image taken?,axial,ct scan,0.0,0.0,0.0025,0.0
val_00580,synpic23631.jpg,Plane,what plane is the image acquired in?,axial,axial,1.0,1.0,0.5,1.0
val_00581,synpic27319.jpg,Plane,which plane is this image taken?,ap,ct scan,0.0,0.0,0.0025,0.0
val_00582,synpic51072.jpg,Plane,what image plane is this?,sagittal,ct scan,0.0,0.0,0.0025,0.0
val_00583,synpic53659.jpg,Plane,in what plane is this image taken?,sagittal,sagittal,1.0,1.0,0.5,1.0
val_00584,synpic58095.jpg,Plane,what plane was used?,axial,ct scan,0.0,0.0,0.0025,0.0
val_00585,synpic60250.jpg,Plane,in what plane is this mri?,axial,ct scan,0.0,0.0,0.0025,0.0
val_00586,synpic40194.jpg,Plane,in what plane is this image taken?,coronal,coronal,1.0,1.0,0.5,1.0
val_00587,synpic29645.jpg,Plane,in what plane is this image oriented?,axial,ct scan,0.0,0.0,0.0025,0.0
val_00588,synpic31036.jpg,Plane,what is the plane?,axial,ct scan,0.0,0.0,0.0025,0.0
val_00589,synpic33806.jpg,Plane,which plane is the image shown in?,axial,axial,1.0,1.0,0.5,1.0
val_00590,synpic27873.jpg,Plane,which plane is this image taken?,mammo - mlo,ct scan,0.0,0.0,0.0071,0.0
val_00591,synpic38953.jpg,Plane,what is the plane?,lateral,ct scan,0.0,0.0,0.0025,0.0
val_00592,synpic49172.jpg,Plane,what plane is this?,sagittal,sagittal,1.0,1.0,0.5,1.0
val_00593,synpic59407.jpg,Plane,in what plane is this mri?,coronal,ct scan,0.0,0.0,0.0025,0.0
val_00594,synpic43477.jpg,Plane,what plane is seen?,ap,ct scan,0.0,0.0,0.0025,0.0
val_00595,synpic53314.jpg,Plane,in what plane was this image taken?,axial,axial,1.0,1.0,0.5,1.0
val_00596,synpic46876.jpg,Plane,what is the plane?,lateral,ct scan,0.0,0.0,0.0025,0.0
val_00597,synpic28188.jpg,Plane,what plane is seen?,ap,ct scan,0.0,0.0,0.0025,0.0
val_00598,synpic47573.jpg,Plane,in what plane is this image taken?,sagittal,sagittal,1.0,1.0,0.5,1.0
val_00599,synpic30260.jpg,Plane,in what plane is this angiogram?,lateral,ct scan,0.0,0.0,0.0025,0.0
val_00600,synpic45827.jpg,Plane,what plane was used in this mri?,axial,ct scan,0.0,0.0,0.0025,0.0
val_00601,synpic27046.jpg,Plane,which plane is this image in?,sagittal,sagittal,1.0,1.0,0.5,1.0
val_00602,synpic20729.jpg,Plane,in which plane is the ct scan displayed?,axial,ct scan,0.0,0.0,0.0025,0.0
val_00603,synpic30248.jpg,Plane,in what plane is this ct scan?,axial,ct scan,0.0,0.0,0.0025,0.0
val_00604,synpic53738.jpg,Plane,in what plane is this image taken?,sagittal,sagittal,1.0,1.0,0.5,1.0
val_00605,synpic17620.jpg,Plane,what imaging plane is depicted here?,axial,ct scan,0.0,0.0,0.0025,0.0
val_00606,synpic47017.jpg,Plane,what is the plane?,axial,ct scan,0.0,0.0,0.0025,0.0
val_00607,synpic41314.jpg,Plane,in what plane is this mri?,axial,axial,1.0,1.0,0.5,1.0
val_00608,synpic55403.jpg,Plane,which plane is this image taken?,axial,ct scan,0.0,0.0,0.0025,0.0
val_00609,synpic27730.jpg,Plane,what plane is this film,transverse,ct scan,0.0,0.0,0.0025,0.0
val_00610,synpic58682.jpg,Plane,which plane is the image taken?,sagittal,sagittal,1.0,1.0,0.5,1.0
val_00611,synpic50023.jpg,Plane,in what plane is this image taken?,pa,ct scan,0.0,0.0,0.0025,0.0
val_00612,synpic57758.jpg,Plane,what is the plane of the image?,coronal,ct scan,0.0,0.0,0.0025,0.0
val_00613,synpic19225.jpg,Plane,which plane is the image taken?,coronal,coronal,1.0,1.0,0.5,1.0
val_00614,synpic16880.jpg,Plane,what imaging plane is depicted here?,ap,ct scan,0.0,0.0,0.0025,0.0
val_00615,synpic48730.jpg,Plane,in what plane is this image taken?,coronal,ct scan,0.0,0.0,0.0025,0.0
val_00616,synpic21786.jpg,Plane,in what plane is this image oriented?,axial,axial,1.0,1.0,0.5,1.0
val_00617,synpic25090.jpg,Plane,in what plane is this image oriented?,axial,ct scan,0.0,0.0,0.0025,0.0
val_00618,synpic58912.jpg,Plane,what is the plane of this mri?,axial,ct scan,0.0,0.0,0.0025,0.0
val_00619,synpic35240.jpg,Plane,what plane was used?,axial,axial,1.0,1.0,0.5,1.0
val_00620,synpic33143.jpg,Plane,what plane is seen?,sagittal,ct scan,0.0,0.0,0.0025,0.0
val_00621,synpic28204.jpg,Plane,what plane is this ct scan in?,axial,ct scan,0.0,0.0,0.0025,0.0
val_00622,synpic26201.jpg,Plane,what plane is the image acquired in?,lateral,lateral,1.0,1.0,0.5,1.0
val_00623,synpic41271.jpg,Plane,which plane is this image taken?,lateral,ct scan,0.0,0.0,0.0025,0.0
val_00624,synpic8182.jpg,Plane,what image plane is this?,frontal,ct scan,0.0,0.0,0.0025,0.0
val_00625,synpic57188.jpg,Plane,what plane is seen?,coronal,coronal,1.0,1.0,0.5,1.0
val_00626,synpic43843.jpg,Plane,what plane was used in this angiogram?,lateral,ct scan,0.0,0.0,0.0025,0.0
val_00627,synpic36210.jpg,Plane,what is the plane of the image?,coronal,ct scan,0.0,0.0,0.0025,0.0
val_00628,synpic58495.jpg,Plane,in which plane is the mri displayed?,axial,axial,1.0,1.0,0.5,1.0
val_00629,synpic40231.jpg,Plane,in what plane is this mri?,coronal,ct scan,0.0,0.0,0.0025,0.0
val_00630,synpic40782.jpg,Plane,in what plane is this ct scan captured?,sagittal,ct scan,0.0,0.0,0.0025,0.0
val_00631,synpic53098.jpg,Plane,in what plane is this mri captured?,axial,axial,1.0,1.0,0.5,1.0
val_00632,synpic31184.jpg,Plane,in what plane is this image taken?,axial,ct scan,0.0,0.0,0.0025,0.0
val_00633,synpic56123.jpg,Plane,in what plane is this image taken?,ap,ct scan,0.0,0.0,0.0025,0.0
val_00634,synpic59548.jpg,Plane,what is the plane of the image?,axial,axial,1.0,1.0,0.5,1.0
val_00635,synpic21418.jpg,Plane,what plane is this?,axial,ct scan,0.0,0.0,0.0025,0.0
val_00636,synpic17814.jpg,Plane,what plane is the image acquired in?,axial,ct scan,0.0,0.0,0.0025,0.0
val_00637,synpic22893.jpg,Plane,in what plane is this ct scan captured?,axial,axial,1.0,1.0,0.5,1.0
val_00638,synpic33236.jpg,Plane,which plane is this image in?,ap,ct scan,0.0,0.0,0.0025,0.0
val_00639,synpic59945.jpg,Plane,what is the plane?,coronal,ct scan,0.0,0.0,0.0025,0.0
val_00640,synpic27492.jpg,Plane,what is the plane?,coronal,coronal,1.0,1.0,0.5,1.0
val_00641,synpic45565.jpg,Plane,which plane is this ct scan taken in?,axial,ct scan,0.0,0.0,0.0025,0.0
val_00642,synpic16883.jpg,Plane,what imaging plane is depicted here?,ap,ct scan,0.0,0.0,0.0025,0.0
val_00643,synpic43699.jpg,Plane,in what plane is this mri?,sagittal,sagittal,1.0,1.0,0.5,1.0
val_00644,synpic23151.jpg,Plane,which plane is the image taken?,frontal,ct scan,0.0,0.0,0.0025,0.0
val_00645,synpic21020.jpg,Plane,in what plane is this image taken?,axial,ct scan,0.0,0.0,0.0025,0.0
val_00646,synpic52596.jpg,Plane,what is the plane of the x-ray?,ap,ap,1.0,1.0,0.5,1.0
val_00647,synpic56901.jpg,Plane,what is the plane of the mri?,sagittal,ct scan,0.0,0.0,0.0025,0.0
val_00648,synpic38404.jpg,Plane,what imaging plane is depicted here?,axial,ct scan,0.0,0.0,0.0025,0.0
val_00649,synpic40597.jpg,Plane,what plane was used?,axial,axial,1.0,1.0,0.5,1.0
val_00650,synpic26612.jpg,Plane,what plane is the image acquired in?,ap,ct scan,0.0,0.0,0.0025,0.0
val_00651,synpic100332.jpg,Plane,what is the plane of this x-ray?,ap,ct scan,0.0,0.0,0.0025,0.0
val_00652,synpic26809.jpg,Plane,which plane is this ct scan taken in?,axial,axial,1.0,1.0,0.5,1.0
val_00653,synpic59005.jpg,Plane,in what plane is this image oriented?,axial,ct scan,0.0,0.0,0.0025,0.0
val_00654,synpic43576.jpg,Plane,what is the plane?,pa,ct scan,0.0,0.0,0.0025,0.0
val_00655,synpic33913.jpg,Plane,what plane was used?,sagittal,sagittal,1.0,1.0,0.5,1.0
val_00656,synpic23255.jpg,Plane,in which plane is the ct scan displayed?,axial,ct scan,0.0,0.0,0.0025,0.0
val_00657,synpic21442.jpg,Plane,which plane is this ct scan taken in?,axial,ct scan,0.0,0.0,0.0025,0.0
val_00658,synpic38885.jpg,Plane,what plane is the image acquired in?,axial,axial,1.0,1.0,0.5,1.0
val_00659,synpic17866.jpg,Plane,what imaging plane is depicted here?,axial,ct scan,0.0,0.0,0.0025,0.0
val_00660,synpic24512.jpg,Plane,which plane is the image shown in?,coronal,ct scan,0.0,0.0,0.0025,0.0
val_00661,synpic24506.jpg,Plane,which plane is the image shown in?,axial,axial,1.0,1.0,0.5,1.0
val_00662,synpic39557.jpg,Plane,in what plane is this x-ray?,pa,ct scan,0.0,0.0,0.0025,0.0
val_00663,synpic33293.jpg,Plane,in what plane is this image taken?,coronal,ct scan,0.0,0.0,0.0025,0.0
val_00664,synpic13143.jpg,Plane,what is the plane?,axial,axial,1.0,1.0,0.5,1.0
val_00665,synpic17319.jpg,Plane,what is the plane of the image?,axial,ct scan,0.0,0.0,0.0025,0.0
val_00666,synpic33481.jpg,Plane,what is the plane of this x-ray?,pa,ct scan,0.0,0.0,0.0025,0.0
val_00667,synpic24857.jpg,Plane,which plane is the image shown in?,axial,axial,1.0,1.0,0.5,1.0
val_00668,synpic37195.jpg,Plane,in what plane is this ct scan?,axial,ct scan,0.0,0.0,0.0025,0.0
val_00669,synpic48796.jpg,Plane,what plane is demonstrated?,axial,ct scan,0.0,0.0,0.0025,0.0
val_00670,synpic47664.jpg,Plane,what is the plane?,axial,axial,1.0,1.0,0.5,1.0
val_00671,synpic56027.jpg,Plane,in what plane is this image oriented?,3d reconstruction,ct scan,0.0,0.0,0.0071,0.0
val_00672,synpic42084.jpg,Plane,what image plane is this?,axial,ct scan,0.0,0.0,0.0025,0.0
val_00673,synpic37433.jpg,Plane,what plane is this?,axial,axial,1.0,1.0,0.5,1.0
val_00674,synpic34853.jpg,Plane,what plane is this mri in?,axial,ct scan,0.0,0.0,0.0025,0.0
val_00675,synpic32749.jpg,Plane,what is the plane of the ct scan?,sagittal,ct scan,0.0,0.0,0.0025,0.0
val_00676,synpic60966.jpg,Plane,in what plane is this image oriented?,lateral,lateral,1.0,1.0,0.5,1.0
val_00677,synpic25382.jpg,Plane,in what plane was this image taken?,axial,ct scan,0.0,0.0,0.0025,0.0
val_00678,synpic39967.jpg,Plane,in what plane is this mri taken?,axial,ct scan,0.0,0.0,0.0025,0.0
val_00679,synpic27768.jpg,Plane,in what plane was this image taken?,ap,ap,1.0,1.0,0.5,1.0
val_00680,synpic30200.jpg,Plane,what is the plane of the x-ray?,lateral,ct scan,0.0,0.0,0.0025,0.0
val_00681,synpic31678.jpg,Plane,what plane was used in this ct scan?,axial,ct scan,0.0,0.0,0.0025,0.0
val_00682,synpic53994.jpg,Plane,what plane was used in this ct scan?,axial,axial,1.0,1.0,0.5,1.0
val_00683,synpic49072.jpg,Plane,what plane is this film,axial,ct scan,0.0,0.0,0.0025,0.0
val_00684,synpic19651.jpg,Plane,which plane is this mri taken in?,axial,ct scan,0.0,0.0,0.0025,0.0
val_00685,synpic53980.jpg,Plane,what plane is the image acquired in?,axial,axial,1.0,1.0,0.5,1.0
val_00686,synpic33084.jpg,Plane,in what plane is this image taken?,coronal,ct scan,0.0,0.0,0.0025,0.0
val_00687,synpic56608.jpg,Plane,in which plane is the ct scan displayed?,sagittal,ct scan,0.0,0.0,0.0025,0.0
val_00688,synpic48422.jpg,Plane,in which plane is the mri displayed?,sagittal,sagittal,1.0,1.0,0.5,1.0
val_00689,synpic46419.jpg,Plane,what plane was used in this mri?,coronal,ct scan,0.0,0.0,0.0025,0.0
val_00690,synpic17124.jpg,Plane,what is the plane of the image?,ap,ct scan,0.0,0.0,0.0025,0.0
val_00691,synpic47049.jpg,Plane,in which plane is the ct scan displayed?,axial,axial,1.0,1.0,0.5,1.0
val_00692,synpic40915.jpg,Plane,in what plane is this image taken?,sagittal,ct scan,0.0,0.0,0.0025,0.0
val_00693,synpic51818.jpg,Plane,what is the plane of this ct scan?,axial,ct scan,0.0,0.0,0.0025,0.0
val_00694,synpic32401.jpg,Plane,in what plane is this x-ray taken?,lateral,lateral,1.0,1.0,0.5,1.0
val_00695,synpic34070.jpg,Plane,what plane was used in this ct scan?,axial,ct scan,0.0,0.0,0.0025,0.0
val_00696,synpic55854.jpg,Plane,what plane is demonstrated?,axial,ct scan,0.0,0.0,0.0025,0.0
val_00697,synpic29237.jpg,Plane,in what plane is this image taken?,frontal,frontal,1.0,1.0,0.5,1.0
val_00698,synpic39193.jpg,Plane,what plane was used in this mri?,coronal,ct scan,0.0,0.0,0.0025,0.0
val_00699,synpic33455.jpg,Plane,in what plane is this ultrasound?,transverse,ct scan,0.0,0.0,0.0025,0.0
val_00700,synpic41564.jpg,Plane,what is the plane of this mri?,axial,axial,1.0,1.0,0.5,1.0
val_00701,synpic54169.jpg,Plane,in what plane is this image oriented?,coronal,ct scan,0.0,0.0,0.0025,0.0
val_00702,synpic57312.jpg,Plane,which plane is this image taken?,axial,ct scan,0.0,0.0,0.0025,0.0
val_00703,synpic54627.jpg,Plane,what plane was used in this mri?,coronal,coronal,1.0,1.0,0.5,1.0
val_00704,synpic58790.jpg,Plane,which plane is this image in?,axial,ct scan,0.0,0.0,0.0025,0.0
val_00705,synpic58974.jpg,Plane,what plane is the image acquired in?,axial,ct scan,0.0,0.0,0.0025,0.0
val_00706,synpic35568.jpg,Plane,in what plane is this ct scan?,axial,axial,1.0,1.0,0.5,1.0
val_00707,synpic53835.jpg,Plane,in what plane is this mri taken?,sagittal,ct scan,0.0,0.0,0.0025,0.0
val_00708,synpic47855.jpg,Plane,what is the plane of the image?,axial,ct scan,0.0,0.0,0.0025,0.0
val_00709,synpic58008.jpg,Plane,what is the plane of this ct scan?,axial,axial,1.0,1.0,0.5,1.0
val_00710,synpic15120.jpg,Plane,what plane is demonstrated?,axial,ct scan,0.0,0.0,0.0025,0.0
val_00711,synpic33695.jpg,Plane,which plane is this image taken?,frontal,ct scan,0.0,0.0,0.0025,0.0
val_00712,synpic100545.jpg,Plane,what image plane is this?,oblique,oblique,1.0,1.0,0.5,1.0
val_00713,synpic58544.jpg,Plane,what plane is seen?,sagittal,ct scan,0.0,0.0,0.0025,0.0
val_00714,synpic32825.jpg,Plane,what plane is demonstrated?,lateral,ct scan,0.0,0.0,0.0025,0.0
val_00715,synpic41613.jpg,Plane,what plane is this?,axial,axial,1.0,1.0,0.5,1.0
val_00716,synpic39569.jpg,Plane,in what plane is this image taken?,oblique,ct scan,0.0,0.0,0.0025,0.0
val_00717,synpic24538.jpg,Plane,in what plane is this x-ray captured?,pa,ct scan,0.0,0.0,0.0025,0.0
val_00718,synpic17121.jpg,Plane,what is the plane?,mammo - mag cc,mammo - mag cc,1.0,1.0,1.0,1.0
val_00719,synpic34061.jpg,Plane,which plane is the image shown in?,sagittal,ct scan,0.0,0.0,0.0025,0.0
val_00720,synpic36110.jpg,Plane,what plane was used in this x-ray?,oblique,ct scan,0.0,0.0,0.0025,0.0
val_00721,synpic56814.jpg,Plane,in which plane is the mri displayed?,sagittal,sagittal,1.0,1.0,0.5,1.0
val_00722,synpic43955.jpg,Plane,what plane is this?,axial,ct scan,0.0,0.0,0.0025,0.0
val_00723,synpic54434.jpg,Plane,which plane is the image taken?,axial,ct scan,0.0,0.0,0.0025,0.0
val_00724,synpic24879.jpg,Plane,in what plane is this image taken?,axial,axial,1.0,1.0,0.5,1.0
val_00725,synpic39828.jpg,Plane,which plane is this image in?,axial,ct scan,0.0,0.0,0.0025,0.0
val_00726,synpic48021.jpg,Plane,in what plane is this image taken?,axial,ct scan,0.0,0.0,0.0025,0.0
val_00727,synpic49129.jpg,Plane,what plane is seen?,axial,axial,1.0,1.0,0.5,1.0
val_00728,synpic58742.jpg,Plane,what imaging plane is depicted here?,axial,ct scan,0.0,0.0,0.0025,0.0
val_00729,synpic15871.jpg,Plane,what is the plane?,axial,ct scan,0.0,0.0,0.0025,0.0
val_00730,synpic58965.jpg,Plane,what plane was used?,axial,axial,1.0,1.0,0.5,1.0
val_00731,synpic39357.jpg,Plane,what plane is the image acquired in?,pa,ct scan,0.0,0.0,0.0025,0.0
val_00732,synpic60223.jpg,Plane,what plane is this mri in?,axial,ct scan,0.0,0.0,0.0025,0.0
val_00733,synpic34841.jpg,Plane,what plane is seen?,axial,axial,1.0,1.0,0.5,1.0
val_00734,synpic21041.jpg,Plane,which plane is this image taken?,axial,ct scan,0.0,0.0,0.0025,0.0
val_00735,synpic55071.jpg,Plane,what is the plane of the image?,coronal,ct scan,0.0,0.0,0.0025,0.0
val_00736,synpic41825.jpg,Plane,in which plane is the mri displayed?,sagittal,sagittal,1.0,1.0,0.5,1.0
val_00737,synpic55850.jpg,Plane,in what plane is this image taken?,sagittal,ct scan,0.0,0.0,0.0025,0.0
val_00738,synpic34276.jpg,Plane,what is the plane of this mri?,sagittal,ct scan,0.0,0.0,0.0025,0.0
val_00739,synpic25384.jpg,Plane,what plane is demonstrated?,axial,axial,1.0,1.0,0.5,1.0
val_00740,synpic43767.jpg,Plane,in what plane is this ct scan?,axial,ct scan,0.0,0.0,0.0025,0.0
val_00741,synpic23252.jpg,Plane,which plane is this ultrasound taken in?,sagittal,ct scan,0.0,0.0,0.0025,0.0
val_00742,synpic53789.jpg,Plane,in what plane is this image taken?,coronal,coronal,1.0,1.0,0.5,1.0
val_00743,synpic52468.jpg,Plane,what plane is this?,coronal,ct scan,0.0,0.0,0.0025,0.0
val_00744,synpic42135.jpg,Plane,in what plane is this ct scan?,coronal,ct scan,0.0,0.0,0.0025,0.0
val_00745,synpic58184.jpg,Plane,what plane is demonstrated?,coronal,coronal,1.0,1.0,0.5,1.0
val_00746,synpic48397.jpg,Plane,what plane is this mri in?,coronal,ct scan,0.0,0.0,0.0025,0.0
val_00747,synpic45466.jpg,Plane,what is the plane?,axial,ct scan,0.0,0.0,0.0025,0.0
val_00748,synpic46966.jpg,Plane,what plane is seen?,ap,ap,1.0,1.0,0.5,1.0
val_00749,synpic39618.jpg,Plane,what imaging plane is depicted here?,ap,ct scan,0.0,0.0,0.0025,0.0
val_00750,synpic18359.jpg,Plane,which plane is the image shown in?,sagittal,ct scan,0.0,0.0,0.0025,0.0
val_00751,synpic56036.jpg,Plane,in which plane is the mri displayed?,coronal,coronal,1.0,1.0,0.5,1.0
val_00752,synpic49116.jpg,Plane,in what plane is this image oriented?,sagittal,ct scan,0.0,0.0,0.0025,0.0
val_00753,synpic53199.jpg,Plane,what plane was used in this ct scan?,axial,ct scan,0.0,0.0,0.0025,0.0
val_00754,synpic38739.jpg,Plane,what plane is demonstrated?,transverse,transverse,1.0,1.0,0.5,1.0
val_00755,synpic17902.jpg,Plane,which plane is the image shown in?,axial,ct scan,0.0,0.0,0.0025,0.0
val_00756,synpic22952.jpg,Plane,in what plane is this ct scan?,axial,ct scan,0.0,0.0,0.0025,0.0
val_00757,synpic16361.jpg,Plane,in what plane is this image taken?,coronal,coronal,1.0,1.0,0.5,1.0
val_00758,synpic19052.jpg,Plane,which plane is this image in?,axial,ct scan,0.0,0.0,0.0025,0.0
val_00759,synpic27433.jpg,Plane,which plane is the image shown in?,longitudinal,ct scan,0.0,0.0,0.0025,0.0
val_00760,synpic54393.jpg,Plane,what is the plane of this mri?,axial,axial,1.0,1.0,0.5,1.0
val_00761,synpic42268.jpg,Plane,in what plane was this image taken?,axial,ct scan,0.0,0.0,0.0025,0.0
val_00762,synpic17527.jpg,Plane,what imaging plane is depicted here?,frontal,ct scan,0.0,0.0,0.0025,0.0
val_00763,synpic43604.jpg,Plane,which plane is this image taken?,transverse,transverse,1.0,1.0,0.5,1.0
val_00764,synpic50917.jpg,Plane,what plane is demonstrated?,axial,ct scan,0.0,0.0,0.0025,0.0
val_00765,synpic39751.jpg,Plane,which plane is the image shown in?,ap,ct scan,0.0,0.0,0.0025,0.0
val_00766,synpic21687.jpg,Plane,which plane is the image taken?,frontal,frontal,1.0,1.0,0.5,1.0
val_00767,synpic35180.jpg,Plane,what imaging plane is depicted here?,axial,ct scan,0.0,0.0,0.0025,0.0
val_00768,synpic18012.jpg,Plane,in what plane was this image taken?,coronal,ct scan,0.0,0.0,0.0025,0.0
val_00769,synpic16765.jpg,Plane,in what plane is this image taken?,frontal,frontal,1.0,1.0,0.5,1.0
val_00770,synpic19640.jpg,Plane,in what plane is this image taken?,frontal,ct scan,0.0,0.0,0.0025,0.0
val_00771,synpic54017.jpg,Plane,what is the plane of the image?,axial,ct scan,0.0,0.0,0.0025,0.0
val_00772,synpic33926.jpg,Plane,what is the plane of the image?,axial,axial,1.0,1.0,0.5,1.0
val_00773,synpic59241.jpg,Plane,which plane is the image shown in?,coronal,ct scan,0.0,0.0,0.0025,0.0
val_00774,synpic44990.jpg,Plane,in which plane is the mri displayed?,axial,ct scan,0.0,0.0,0.0025,0.0
val_00775,synpic28094.jpg,Plane,what is the plane of the image?,ap,ap,1.0,1.0,0.5,1.0
val_00776,synpic35947.jpg,Plane,what is the plane of this mri?,sagittal,ct scan,0.0,0.0,0.0025,0.0
val_00777,synpic41793.jpg,Plane,what plane is this?,sagittal,ct scan,0.0,0.0,0.0025,0.0
val_00778,synpic43423.jpg,Plane,what plane is this?,sagittal,sagittal,1.0,1.0,0.5,1.0
val_00779,synpic16378.jpg,Plane,in what plane is this ct scan?,axial,ct scan,0.0,0.0,0.0025,0.0
val_00780,synpic33107.jpg,Plane,what is the plane of the image?,axial,ct scan,0.0,0.0,0.0025,0.0
val_00781,synpic47877.jpg,Plane,what plane is this mri in?,axial,axial,1.0,1.0,0.5,1.0
val_00782,synpic22547.jpg,Plane,what is the plane of the ct scan?,axial,ct scan,0.0,0.0,0.0025,0.0
val_00783,synpic33489.jpg,Plane,in what plane is this ct scan captured?,axial,ct scan,0.0,0.0,0.0025,0.0
val_00784,synpic20393.jpg,Plane,which plane is the image taken?,oblique,oblique,1.0,1.0,0.5,1.0
val_00785,synpic50674.jpg,Plane,in what plane is this mri captured?,sagittal,ct scan,0.0,0.0,0.0025,0.0
val_00786,synpic46002.jpg,Plane,which plane is the image shown in?,axial,ct scan,0.0,0.0,0.0025,0.0
val_00787,synpic41751.jpg,Plane,which plane is this image in?,oblique,oblique,1.0,1.0,0.5,1.0
val_00788,synpic21890.jpg,Plane,what plane is this mri in?,frontal,ct scan,0.0,0.0,0.0025,0.0
val_00789,synpic9384.jpg,Plane,what imaging plane is depicted here?,lateral,ct scan,0.0,0.0,0.0025,0.0
val_00790,synpic31315.jpg,Plane,what plane is the image acquired in?,mammo - mlo,mammo - mlo,1.0,1.0,1.0,1.0
val_00791,synpic38331.jpg,Plane,what imaging plane is depicted here?,lateral,ct scan,0.0,0.0,0.0025,0.0
val_00792,synpic25374.jpg,Plane,in what plane is this ultrasound captured?,transverse,ct scan,0.0,0.0,0.0025,0.0
val_00793,synpic54214.jpg,Plane,in what plane is this image taken?,sagittal,sagittal,1.0,1.0,0.5,1.0
val_00794,synpic56615.jpg,Plane,what plane is the image acquired in?,axial,ct scan,0.0,0.0,0.0025,0.0
val_00795,synpic37599.jpg,Plane,which plane is the image taken?,axial,ct scan,0.0,0.0,0.0025,0.0
val_00796,synpic55308.jpg,Plane,what plane is this ct scan in?,axial,axial,1.0,1.0,0.5,1.0
val_00797,synpic45133.jpg,Plane,in which plane is the ct scan displayed?,axial,ct scan,0.0,0.0,0.0025,0.0
val_00798,synpic54994.jpg,Plane,what plane was used?,axial,ct scan,0.0,0.0,0.0025,0.0
val_00799,synpic41341.jpg,Plane,in what plane is this image oriented?,coronal,coronal,1.0,1.0,0.5,1.0
val_00800,synpic54766.jpg,Plane,what is the plane of the image?,sagittal,ct scan,0.0,0.0,0.0025,0.0
val_00801,synpic22196.jpg,Plane,which plane is this ct scan taken in?,axial,ct scan,0.0,0.0,0.0025,0.0
val_00802,synpic29772.jpg,Plane,what plane is seen?,ap,ap,1.0,1.0,0.5,1.0
val_00803,synpic18008.jpg,Plane,what is the plane of this x-ray?,ap,ct scan,0.0,0.0,0.0025,0.0
val_00804,synpic30800.jpg,Plane,in what plane is this image taken?,sagittal,ct scan,0.0,0.0,0.0025,0.0
val_00805,synpic41960.jpg,Plane,in what plane is this image taken?,ap,ap,1.0,1.0,0.5,1.0
val_00806,synpic28295.jpg,Plane,what plane is the image acquired in?,coronal,ct scan,0.0,0.0,0.0025,0.0
val_00807,synpic24487.jpg,Plane,what is the plane of this angiogram?,lateral,ct scan,0.0,0.0,0.0025,0.0
val_00808,synpic20187.jpg,Plane,in what plane is this angiogram?,pa,pa,1.0,1.0,0.5,1.0
val_00809,synpic26246.jpg,Plane,in what plane is this mri?,sagittal,ct scan,0.0,0.0,0.0025,0.0
val_00810,synpic16352.jpg,Plane,which plane is this ct scan taken in?,axial,ct scan,0.0,0.0,0.0025,0.0
val_00811,synpic59337.jpg,Plane,in what plane is this image taken?,axial,axial,1.0,1.0,0.5,1.0
val_00812,synpic48212.jpg,Plane,what plane is demonstrated?,frontal,ct scan,0.0,0.0,0.0025,0.0
val_00813,synpic57871.jpg,Plane,what is the plane?,ap,ct scan,0.0,0.0,0.0025,0.0
val_00814,synpic34454.jpg,Plane,what plane is this film,pa,pa,1.0,1.0,0.5,1.0
val_00815,synpic17299.jpg,Plane,in what plane is this image oriented?,pa,ct scan,0.0,0.0,0.0025,0.0
val_00816,synpic28733.jpg,Plane,which plane is this image in?,axial,ct scan,0.0,0.0,0.0025,0.0
val_00817,synpic55727.jpg,Plane,what plane is this mri in?,sagittal,sagittal,1.0,1.0,0.5,1.0
val_00818,synpic45246.jpg,Plane,in which plane is the ct scan displayed?,axial,ct scan,0.0,0.0,0.0025,0.0
val_00819,synpic57642.jpg,Plane,what plane is this film,axial,ct scan,0.0,0.0,0.0025,0.0
val_00820,synpic60171.jpg,Plane,in what plane was this image taken?,coronal,coronal,1.0,1.0,0.5,1.0
val_00821,synpic29565.jpg,Plane,what plane was used?,pa,ct scan,0.0,0.0,0.0025,0.0
val_00822,synpic19303.jpg,Plane,which plane is this mammograph taken in?,mammo - xcc,ct scan,0.0,0.0,0.0071,0.0
val_00823,synpic51353.jpg,Plane,what is the plane of the mri?,coronal,coronal,1.0,1.0,0.5,1.0
val_00824,synpic26332.jpg,Plane,what image plane is this?,axial,ct scan,0.0,0.0,0.0025,0.0
val_00825,synpic53785.jpg,Plane,what is the plane of the mri?,axial,ct scan,0.0,0.0,0.0025,0.0
val_00826,synpic53024.jpg,Plane,what is the plane?,axial,axial,1.0,1.0,0.5,1.0
val_00827,synpic45861.jpg,Plane,which plane is this ct scan taken in?,axial,ct scan,0.0,0.0,0.0025,0.0
val_00828,synpic31104.jpg,Plane,what imaging plane is depicted here?,axial,ct scan,0.0,0.0,0.0025,0.0
val_00829,synpic49242.jpg,Plane,what plane was used in this mri?,sagittal,sagittal,1.0,1.0,0.5,1.0
val_00830,synpic41636.jpg,Plane,what plane is this film,coronal,ct scan,0.0,0.0,0.0025,0.0
val_00831,synpic58401.jpg,Plane,which plane is this image taken?,ap,ct scan,0.0,0.0,0.0025,0.0
val_00832,synpic51357.jpg,Plane,what plane is seen?,axial,axial,1.0,1.0,0.5,1.0
val_00833,synpic44955.jpg,Plane,in what plane is this mri captured?,sagittal,ct scan,0.0,0.0,0.0025,0.0
val_00834,synpic23070.jpg,Plane,what plane is seen?,axial,ct scan,0.0,0.0,0.0025,0.0
val_00835,synpic47469.jpg,Plane,in what plane is this ct scan taken?,axial,axial,1.0,1.0,0.5,1.0
val_00836,synpic19529.jpg,Plane,what plane is this?,axial,ct scan,0.0,0.0,0.0025,0.0
val_00837,synpic46993.jpg,Plane,what is the plane?,sagittal,ct scan,0.0,0.0,0.0025,0.0
val_00838,synpic28051.jpg,Plane,in what plane is this image taken?,axial,axial,1.0,1.0,0.5,1.0
val_00839,synpic58993.jpg,Plane,what plane is this?,coronal,ct scan,0.0,0.0,0.0025,0.0
val_00840,synpic43431.jpg,Plane,what is the plane?,ap,ct scan,0.0,0.0,0.0025,0.0
val_00841,synpic20814.jpg,Plane,what is the plane?,mammo - mlo,mammo - mlo,1.0,1.0,1.0,1.0
val_00842,synpic46549.jpg,Plane,in what plane is this image taken?,ap,ct scan,0.0,0.0,0.0025,0.0
val_00843,synpic54830.jpg,Plane,in what plane was this image taken?,lateral,ct scan,0.0,0.0,0.0025,0.0
val_00844,synpic40845.jpg,Plane,what is the plane of the image?,coronal,coronal,1.0,1.0,0.5,1.0
val_00845,synpic35203.jpg,Plane,in what plane is this mri?,sagittal,ct scan,0.0,0.0,0.0025,0.0
val_00846,synpic58951.jpg,Plane,what plane is this angiogram in?,lateral,ct scan,0.0,0.0,0.0025,0.0
val_00847,synpic51752.jpg,Plane,in what plane is this image oriented?,coronal,coronal,1.0,1.0,0.5,1.0
val_00848,synpic19716.jpg,Plane,in what plane is this image oriented?,sagittal,ct scan,0.0,0.0,0.0025,0.0
val_00849,synpic56001.jpg,Plane,what is the plane?,oblique,ct scan,0.0,0.0,0.0025,0.0
val_00850,synpic55508.jpg,Plane,what is the plane of this ct scan?,sagittal,sagittal,1.0,1.0,0.5,1.0
val_00851,synpic32746.jpg,Plane,in what plane was this image taken?,frontal,ct scan,0.0,0.0,0.0025,0.0
val_00852,synpic52918.jpg,Plane,what plane was used?,sagittal,ct scan,0.0,0.0,0.0025,0.0
val_00853,synpic21672.jpg,Plane,what plane was used in this ultrasound?,sagittal,sagittal,1.0,1.0,0.5,1.0
val_00854,synpic51395.jpg,Plane,what is the plane of the mri?,sagittal,ct scan,0.0,0.0,0.0025,0.0
val_00855,synpic27571.jpg,Plane,what is the plane of this ct scan?,coronal,ct scan,0.0,0.0,0.0025,0.0
val_00856,synpic50921.jpg,Plane,what plane is the image acquired in?,axial,axial,1.0,1.0,0.5,1.0
val_00857,synpic53596.jpg,Plane,in what plane is this mri?,oblique,ct scan,0.0,0.0,0.0025,0.0
val_00858,synpic32632.jpg,Plane,what plane is this?,lateral,ct scan,0.0,0.0,0.0025,0.0
val_00859,synpic59939.jpg,Plane,what plane is seen?,axial,axial,1.0,1.0,0.5,1.0
val_00860,synpic22390.jpg,Plane,what plane is seen?,axial,ct scan,0.0,0.0,0.0025,0.0
val_00861,synpic28454.jpg,Plane,what plane is this?,axial,ct scan,0.0,0.0,0.0025,0.0
val_00862,synpic40703.jpg,Plane,in what plane was this image taken?,axial,axial,1.0,1.0,0.5,1.0
val_00863,synpic38876.jpg,Plane,in what plane was this image taken?,axial,ct scan,0.0,0.0,0.0025,0.0
val_00864,synpic15700.jpg,Plane,what plane is demonstrated?,coronal,ct scan,0.0,0.0,0.0025,0.0
val_00865,synpic21328.jpg,Plane,what plane is this film,axial,axial,1.0,1.0,0.5,1.0
val_00866,synpic44995.jpg,Plane,which plane is the image taken?,axial,ct scan,0.0,0.0,0.0025,0.0
val_00867,synpic48836.jpg,Plane,what plane is demonstrated?,axial,ct scan,0.0,0.0,0.0025,0.0
val_00868,synpic26651.jpg,Plane,in what plane is this image taken?,pa,pa,1.0,1.0,0.5,1.0
val_00869,synpic57862.jpg,Plane,what is the plane of the image?,3d reconstruction,ct scan,0.0,0.0,0.0071,0.0
val_00870,synpic43817.jpg,Plane,which plane is the image taken?,sagittal,ct scan,0.0,0.0,0.0025,0.0
val_00871,synpic24495.jpg,Plane,in what plane is this x-ray taken?,ap,ap,1.0,1.0,0.5,1.0
val_00872,synpic22755.jpg,Plane,what is the plane?,axial,ct scan,0.0,0.0,0.0025,0.0
val_00873,synpic34123.jpg,Plane,in what plane is this ct scan?,axial,ct scan,0.0,0.0,0.0025,0.0
val_00874,synpic22741.jpg,Plane,in what plane is this image oriented?,sagittal,sagittal,1.0,1.0,0.5,1.0
val_00875,synpic33102.jpg,Plane,in what plane was this image taken?,pa,ct scan,0.0,0.0,0.0025,0.0
val_00876,synpic47683.jpg,Plane,what is the plane of this ct scan?,axial,ct scan,0.0,0.0,0.0025,0.0
val_00877,synpic19933.jpg,Plane,in what plane is this image taken?,axial,axial,1.0,1.0,0.5,1.0
val_00878,synpic53152.jpg,Plane,which plane is this image in?,coronal,ct scan,0.0,0.0,0.0025,0.0
val_00879,synpic40660.jpg,Plane,in what plane is this image taken?,axial,ct scan,0.0,0.0,0.0025,0.0
val_00880,synpic31933.jpg,Plane,in what plane is this ct scan?,axial,axial,1.0,1.0,0.5,1.0
val_00881,synpic24899.jpg,Plane,in what plane is this image taken?,frontal,ct scan,0.0,0.0,0.0025,0.0
val_00882,synpic55682.jpg,Plane,in what plane is this ct scan captured?,axial,ct scan,0.0,0.0,0.0025,0.0
val_00883,synpic53581.jpg,Plane,what plane was used in this x-ray?,ap,ap,1.0,1.0,0.5,1.0
val_00884,synpic11771.jpg,Plane,which plane is this ct scan taken in?,axial,ct scan,0.0,0.0,0.0025,0.0
val_00885,synpic31884.jpg,Plane,what is the plane of the ct scan?,axial,ct scan,0.0,0.0,0.0025,0.0
val_00886,synpic17664.jpg,Plane,which plane is this x-ray taken in?,pa,pa,1.0,1.0,0.5,1.0
val_00887,synpic36696.jpg,Plane,in what plane is this ct scan taken?,coronal,ct scan,0.0,0.0,0.0025,0.0
val_00888,synpic53727.jpg,Plane,in what plane is this ct scan taken?,3d reconstruction,ct scan,0.0,0.0,0.0071,0.0
val_00889,synpic42170.jpg,Plane,which plane is this x-ray taken in?,pa,pa,1.0,1.0,0.5,1.0
val_00890,synpic34794.jpg,Plane,what imaging plane is depicted here?,axial,ct scan,0.0,0.0,0.0025,0.0
val_00891,synpic49970.jpg,Plane,which plane is this image taken?,axial,ct scan,0.0,0.0,0.0025,0.0
val_00892,synpic47975.jpg,Plane,what is the plane of this gastrointestinal image?,frontal,frontal,1.0,1.0,0.5,1.0
val_00893,synpic40559.jpg,Plane,what is the plane?,sagittal,ct scan,0.0,0.0,0.0025,0.0
val_00894,synpic57757.jpg,Plane,in what plane is this image taken?,axial,ct scan,0.0,0.0,0.0025,0.0
val_00895,synpic21602.jpg,Plane,what plane is this film,lateral,lateral,1.0,1.0,0.5,1.0
val_00896,synpic47342.jpg,Plane,what is the plane of the image?,axial,ct scan,0.0,0.0,0.0025,0.0
val_00897,synpic16119.jpg,Plane,what plane is seen?,axial,ct scan,0.0,0.0,0.0025,0.0
val_00898,synpic48065.jpg,Plane,in what plane was this image taken?,axial,axial,1.0,1.0,0.5,1.0
val_00899,synpic51285.jpg,Plane,what plane is this film,axial,ct scan,0.0,0.0,0.0025,0.0
val_00900,synpic36236.jpg,Plane,what is the plane of this x-ray?,frontal,ct scan,0.0,0.0,0.0025,0.0
val_00901,synpic28587.jpg,Plane,what plane was used?,transverse,transverse,1.0,1.0,0.5,1.0
val_00902,synpic50366.jpg,Plane,what plane is seen?,sagittal,ct scan,0.0,0.0,0.0025,0.0
val_00903,synpic28544.jpg,Plane,what is the plane?,frontal,ct scan,0.0,0.0,0.0025,0.0
val_00904,synpic37470.jpg,Plane,which plane is this image in?,coronal,coronal,1.0,1.0,0.5,1.0
val_00905,synpic38742.jpg,Plane,what image plane is this?,axial,ct scan,0.0,0.0,0.0025,0.0
val_00906,synpic42788.jpg,Plane,which plane is this mri taken in?,coronal,ct scan,0.0,0.0,0.0025,0.0
val_00907,synpic43455.jpg,Plane,what plane is demonstrated?,lateral,lateral,1.0,1.0,0.5,1.0
val_00908,synpic55545.jpg,Plane,what image plane is this?,axial,ct scan,0.0,0.0,0.0025,0.0
val_00909,synpic38795.jpg,Plane,which plane is the image shown in?,axial,ct scan,0.0,0.0,0.0025,0.0
val_00910,synpic60065.jpg,Plane,in what plane is this image taken?,axial,axial,1.0,1.0,0.5,1.0
val_00911,synpic18848.jpg,Plane,what is the plane of this gastrointestinal image?,ap,ct scan,0.0,0.0,0.0025,0.0
val_00912,synpic49352.jpg,Plane,what is the plane?,axial,ct scan,0.0,0.0,0.0025,0.0
val_00913,synpic23766.jpg,Plane,what is the plane of the image?,axial,axial,1.0,1.0,0.5,1.0
val_00914,synpic50039.jpg,Plane,in what plane is this mri?,sagittal,ct scan,0.0,0.0,0.0025,0.0
val_00915,synpic40000.jpg,Plane,what is the plane of this mri?,sagittal,ct scan,0.0,0.0,0.0025,0.0
val_00916,synpic54713.jpg,Plane,what is the plane of the ultrasound?,axial,axial,1.0,1.0,0.5,1.0
val_00917,synpic45150.jpg,Plane,in what plane is this image taken?,axial,ct scan,0.0,0.0,0.0025,0.0
val_00918,synpic47023.jpg,Plane,what plane is demonstrated?,sagittal,ct scan,0.0,0.0,0.0025,0.0
val_00919,synpic53042.jpg,Plane,what plane is this film,sagittal,sagittal,1.0,1.0,0.5,1.0
val_00920,synpic47751.jpg,Plane,in what plane is this image oriented?,sagittal,ct scan,0.0,0.0,0.0025,0.0
val_00921,synpic57218.jpg,Plane,in what plane is this mri?,axial,ct scan,0.0,0.0,0.0025,0.0
val_00922,synpic30532.jpg,Plane,what plane is this?,ap,ap,1.0,1.0,0.5,1.0
val_00923,synpic22136.jpg,Plane,in what plane is this image taken?,mammo - mlo,ct scan,0.0,0.0,0.0071,0.0
val_00924,synpic24235.jpg,Plane,which plane is this image in?,coronal,ct scan,0.0,0.0,0.0025,0.0
val_00925,synpic48112.jpg,Plane,what plane is the image acquired in?,coronal,coronal,1.0,1.0,0.5,1.0
val_00926,synpic14645.jpg,Plane,what plane is demonstrated?,axial,ct scan,0.0,0.0,0.0025,0.0
val_00927,synpic58329.jpg,Plane,in what plane was this image taken?,axial,ct scan,0.0,0.0,0.0025,0.0
val_00928,synpic50775.jpg,Plane,what plane was used in this mri?,sagittal,sagittal,1.0,1.0,0.5,1.0
val_00929,synpic18902.jpg,Plane,what plane is this x-ray in?,lateral,ct scan,0.0,0.0,0.0025,0.0
val_00930,synpic35648.jpg,Plane,what plane was used in this angiogram?,frontal,ct scan,0.0,0.0,0.0025,0.0
val_00931,synpic26620.jpg,Plane,in what plane is this image taken?,frontal,frontal,1.0,1.0,0.5,1.0
val_00932,synpic48066.jpg,Plane,in what plane was this image taken?,coronal,ct scan,0.0,0.0,0.0025,0.0
val_00933,synpic39853.jpg,Plane,what image plane is this?,axial,ct scan,0.0,0.0,0.0025,0.0
val_00934,synpic27338.jpg,Plane,in what plane is this mri taken?,frontal,frontal,1.0,1.0,0.5,1.0
val_00935,synpic37881.jpg,Plane,in which plane is the mri displayed?,axial,ct scan,0.0,0.0,0.0025,0.0
val_00936,synpic33629.jpg,Plane,in what plane is this mri captured?,axial,ct scan,0.0,0.0,0.0025,0.0
val_00937,synpic53877.jpg,Plane,in what plane is this image taken?,axial,axial,1.0,1.0,0.5,1.0
val_00938,synpic39463.jpg,Plane,in what plane is this mri taken?,axial,ct scan,0.0,0.0,0.0025,0.0
val_00939,synpic43481.jpg,Plane,in what plane is this ultrasound?,axial,ct scan,0.0,0.0,0.0025,0.0
val_00940,synpic32126.jpg,Plane,what is the plane of this ct scan?,axial,axial,1.0,1.0,0.5,1.0
val_00941,synpic44926.jpg,Plane,which plane is the image shown in?,sagittal,ct scan,0.0,0.0,0.0025,0.0
val_00942,synpic58300.jpg,Plane,what is the plane of the image?,sagittal,ct scan,0.0,0.0,0.0025,0.0
val_00943,synpic25880.jpg,Plane,what plane is seen?,oblique,oblique,1.0,1.0,0.5,1.0
val_00944,synpic16292.jpg,Plane,what plane is the image acquired in?,sagittal,ct scan,0.0,0.0,0.0025,0.0
val_00945,synpic51136.jpg,Plane,which plane is the image taken?,3d reconstruction,ct scan,0.0,0.0,0.0071,0.0
val_00946,synpic49209.jpg,Plane,in what plane is this image taken?,lateral,lateral,1.0,1.0,0.5,1.0
val_00947,synpic55813.jpg,Plane,in what plane is this mri?,axial,ct scan,0.0,0.0,0.0025,0.0
val_00948,synpic46847.jpg,Plane,in what plane is this mri taken?,sagittal,ct scan,0.0,0.0,0.0025,0.0
val_00949,synpic45382.jpg,Plane,in which plane is the mri displayed?,sagittal,sagittal,1.0,1.0,0.5,1.0
val_00950,synpic55026.jpg,Plane,what plane is this mri in?,coronal,ct scan,0.0,0.0,0.0025,0.0
val_00951,synpic21980.jpg,Plane,what plane is this film,pa,ct scan,0.0,0.0,0.0025,0.0
val_00952,synpic48249.jpg,Plane,what plane is the image acquired in?,axial,axial,1.0,1.0,0.5,1.0
val_00953,synpic54648.jpg,Plane,in what plane is this image taken?,ap,ct scan,0.0,0.0,0.0025,0.0
val_00954,synpic16484.jpg,Plane,what plane is this mammograph in?,mammo - mlo,ct scan,0.0,0.0,0.0071,0.0
val_00955,synpic43447.jpg,Plane,in what plane was this image taken?,axial,axial,1.0,1.0,0.5,1.0
val_00956,synpic54675.jpg,Plane,in what plane is this mri captured?,axial,ct scan,0.0,0.0,0.0025,0.0
val_00957,synpic29463.jpg,Plane,what is the plane?,axial,ct scan,0.0,0.0,0.0025,0.0
val_00958,synpic47351.jpg,Plane,what plane is this ct scan in?,axial,axial,1.0,1.0,0.5,1.0
val_00959,synpic17228.jpg,Plane,in which plane is the mri displayed?,coronal,ct scan,0.0,0.0,0.0025,0.0
val_00960,synpic51490.jpg,Plane,which plane is this ct scan taken in?,axial,ct scan,0.0,0.0,0.0025,0.0
val_00961,synpic35880.jpg,Plane,what plane is seen?,sagittal,sagittal,1.0,1.0,0.5,1.0
val_00962,synpic34552.jpg,Plane,what plane is this?,axial,ct scan,0.0,0.0,0.0025,0.0
val_00963,synpic52166.jpg,Plane,in what plane is this ct scan taken?,sagittal,ct scan,0.0,0.0,0.0025,0.0
val_00964,synpic21188.jpg,Plane,which plane is the image shown in?,lateral,lateral,1.0,1.0,0.5,1.0
val_00965,synpic57585.jpg,Plane,in what plane is this image oriented?,lateral,ct scan,0.0,0.0,0.0025,0.0
val_00966,synpic40947.jpg,Plane,what plane was used?,axial,ct scan,0.0,0.0,0.0025,0.0
val_00967,synpic29098.jpg,Plane,what plane is this film,mammo - cc,mammo - cc,1.0,1.0,1.0,1.0
val_00968,synpic44506.jpg,Plane,what plane was used in this mri?,coronal,ct scan,0.0,0.0,0.0025,0.0
val_00969,synpic52364.jpg,Plane,what plane is the image acquired in?,axial,ct scan,0.0,0.0,0.0025,0.0
val_00970,synpic57208.jpg,Plane,what plane is the image acquired in?,axial,axial,1.0,1.0,0.5,1.0
val_00971,synpic57578.jpg,Plane,which plane is this ct scan taken in?,coronal,ct scan,0.0,0.0,0.0025,0.0
val_00972,synpic58887.jpg,Plane,what image plane is this?,coronal,ct scan,0.0,0.0,0.0025,0.0
val_00973,synpic50565.jpg,Plane,what plane is this ct scan in?,axial,axial,1.0,1.0,0.5,1.0
val_00974,synpic56114.jpg,Plane,in what plane is this mri?,axial,ct scan,0.0,0.0,0.0025,0.0
val_00975,synpic23560.jpg,Plane,in what plane is this ct scan?,axial,ct scan,0.0,0.0,0.0025,0.0
val_00976,synpic34008.jpg,Plane,in what plane is this ct scan?,coronal,coronal,1.0,1.0,0.5,1.0
val_00977,synpic16083.jpg,Plane,what plane is this film,axial,ct scan,0.0,0.0,0.0025,0.0
val_00978,synpic52004.jpg,Plane,what is the plane of the image?,longitudinal,ct scan,0.0,0.0,0.0025,0.0
val_00979,synpic15401.jpg,Plane,in what plane is this image oriented?,lateral,lateral,1.0,1.0,0.5,1.0
val_00980,synpic57801.jpg,Plane,what is the plane of the ct scan?,axial,ct scan,0.0,0.0,0.0025,0.0
val_00981,synpic25267.jpg,Plane,which plane is the image shown in?,longitudinal,ct scan,0.0,0.0,0.0025,0.0
val_00982,synpic34632.jpg,Plane,what plane was used in this ct scan?,sagittal,sagittal,1.0,1.0,0.5,1.0
val_00983,synpic45021.jpg,Plane,in what plane is this ct scan?,coronal,ct scan,0.0,0.0,0.0025,0.0
val_00984,synpic50410.jpg,Plane,what plane is seen?,sagittal,ct scan,0.0,0.0,0.0025,0.0
val_00985,synpic47178.jpg,Plane,what plane is this film,lateral,lateral,1.0,1.0,0.5,1.0
val_00986,synpic40398.jpg,Plane,what plane is this mri in?,axial,ct scan,0.0,0.0,0.0025,0.0
val_00987,synpic18681.jpg,Plane,what plane is this mri in?,sagittal,ct scan,0.0,0.0,0.0025,0.0
val_00988,synpic38551.jpg,Plane,which plane is this image taken?,axial,axial,1.0,1.0,0.5,1.0
val_00989,synpic36540.jpg,Plane,which plane is this mri taken in?,sagittal,ct scan,0.0,0.0,0.0025,0.0
val_00990,synpic17203.jpg,Plane,what plane was used?,axial,ct scan,0.0,0.0,0.0025,0.0
val_00991,synpic57633.jpg,Plane,in what plane is this mri?,sagittal,sagittal,1.0,1.0,0.5,1.0
val_00992,synpic56511.jpg,Plane,in what plane is this mri?,sagittal,ct scan,0.0,0.0,0.0025,0.0
val_00993,synpic29500.jpg,Plane,in what plane is this x-ray?,pa,ct scan,0.0,0.0,0.0025,0.0
val_00994,synpic48897.jpg,Plane,in what plane is this image taken?,axial,axial,1.0,1.0,0.5,1.0
val_00995,synpic45196.jpg,Plane,what plane is this?,axial,ct scan,0.0,0.0,0.0025,0.0
val_00996,synpic45828.jpg,Plane,in what plane is this mri?,coronal,ct scan,0.0,0.0,0.0025,0.0
val_00997,synpic60458.jpg,Plane,which plane is this image taken?,ap,ap,1.0,1.0,0.5,1.0
val_00998,synpic43524.jpg,Plane,what is the plane?,coronal,ct scan,0.0,0.0,0.0025,0.0
val_00999,synpic59568.jpg,Plane,what imaging plane is depicted here?,sagittal,ct scan,0.0,0.0,0.0025,0.0
val_01000,synpic48459.jpg,Plane,what plane is the image acquired in?,sagittal,sagittal,1.0,1.0,0.5,1.0
val_01001,synpic54733.jpg,Organ System,what organ system is shown in the image?,"face, sinuses, and neck",ct scan,0.0,0.0,0.0026,0.0
val_01002,synpic25647.jpg,Organ System,what organ system is being imaged?,"lung, mediastinum, pleura",ct scan,0.0,0.0,0.0043,0.0
val_01003,synpic35681.jpg,Organ System,what part of the body is being imaged?,breast,breast,1.0,1.0,0.5,1.0
val_01004,synpic39641.jpg,Organ System,what organ system is pictured here?,musculoskeletal,ct scan,0.0,0.0,0.0025,0.0
val_01005,synpic35693.jpg,Organ System,what is the organ principally shown in this mri?,heart and great vessels,ct scan,0.0,0.0,0.0026,0.0
val_01006,synpic17419.jpg,Organ System,what organ systems can be evaluated with this ct scan?,gastrointestinal,gastrointestinal,1.0,1.0,0.5,1.0
val_01007,synpic32909.jpg,Organ System,the ct scan shows what organ system?,gastrointestinal,ct scan,0.0,0.0,0.0025,0.0
val_01008,synpic48040.jpg,Organ System,what organ system is primarily present in this image?,skull and contents,ct scan,0.0,0.0,0.0043,0.0
val_01009,synpic48351.jpg,Organ System,what organ system is being imaged?,"lung, mediastinum, pleura","lung, mediastinum, pleura",1.0,1.0,1.0,1.0
val_01010,synpic49503.jpg,Organ System,what part of the body is being imaged?,skull and contents,ct scan,0.0,0.0,0.0043,0.0
val_01011,synpic18176.jpg,Organ System,the ct scan shows what organ system?,gastrointestinal,ct scan,0.0,0.0,0.0025,0.0
val_01012,synpic36498.jpg,Organ System,what part of the body does this x-ray show?,"lung, mediastinum, pleura","lung, mediastinum, pleura",1.0,1.0,1.0,1.0
val_01013,synpic26850.jpg,Organ System,what organ system is imaged?,heart and great vessels,ct scan,0.0,0.0,0.0026,0.0
val_01014,synpic19508.jpg,Organ System,what is the organ system in this image?,genitourinary,ct scan,0.0,0.0,0.0025,0.0
val_01015,synpic23496.jpg,Organ System,what organ system is visualized?,skull and contents,skull and contents,1.0,1.0,1.0,1.0
val_01016,synpic25435.jpg,Organ System,which organ is captured by this mri?,skull and contents,ct scan,0.0,0.0,0.0043,0.0
val_01017,synpic38894.jpg,Organ System,what organ system is evaluated primarily?,gastrointestinal,ct scan,0.0,0.0,0.0025,0.0
val_01018,synpic25620.jpg,Organ System,what organ systems can be evaluated with this x-ray?,musculoskeletal,musculoskeletal,1.0,1.0,0.5,1.0
val_01019,synpic25634.jpg,Organ System,the x-ray shows what organ system?,musculoskeletal,ct scan,0.0,0.0,0.0025,0.0
val_01020,synpic36490.jpg,Organ System,what is the organ principally shown in this x-ray?,skull and contents,ct scan,0.0,0.0,0.0043,0.0
val_01021,synpic40658.jpg,Organ System,which organ system is imaged?,skull and contents,skull and contents,1.0,1.0,1.0,1.0
val_01022,synpic27614.jpg,Organ System,what organ system is primarily present in this image?,musculoskeletal,ct scan,0.0,0.0,0.0025,0.0
val_01023,synpic26245.jpg,Organ System,what part of the body is being imaged here?,skull and contents,ct scan,0.0,0.0,0.0043,0.0
val_01024,synpic25628.jpg,Organ System,what organ systems can be evaluated with this x-ray?,musculoskeletal,musculoskeletal,1.0,1.0,0.5,1.0
val_01025,synpic34446.jpg,Organ System,what organ system is shown in this mri?,"face, sinuses, and neck",ct scan,0.0,0.0,0.0026,0.0
val_01026,synpic28899.jpg,Organ System,what organ is this image of?,musculoskeletal,ct scan,0.0,0.0,0.0025,0.0
val_01027,synpic28331.jpg,Organ System,what organ system is visualized?,genitourinary,genitourinary,1.0,1.0,0.5,1.0
val_01028,synpic55791.jpg,Organ System,what organ system is imaged?,skull and contents,ct scan,0.0,0.0,0.0043,0.0
val_01029,synpic32867.jpg,Organ System,what organ system is shown in the image?,skull and contents,ct scan,0.0,0.0,0.0043,0.0
val_01030,synpic21201.jpg,Organ System,which organ system is shown in the x-ray?,musculoskeletal,musculoskeletal,1.0,1.0,0.5,1.0
val_01031,synpic20686.jpg,Organ System,what organ is this image of?,breast,ct scan,0.0,0.0,0.0025,0.0
val_01032,synpic17412.jpg,Organ System,what part of the body is being imaged?,gastrointestinal,ct scan,0.0,0.0,0.0025,0.0
val_01033,synpic53907.jpg,Organ System,what organ system is displayed in this ct scan?,"face, sinuses, and neck","face, sinuses, and neck",1.0,1.0,1.0,1.0
val_01034,synpic24024.jpg,Organ System,what organ system is displayed in this ultrasound?,genitourinary,ct scan,0.0,0.0,0.0025,0.0
val_01035,synpic59540.jpg,Organ System,what part of the body is being imaged?,skull and contents,ct scan,0.0,0.0,0.0043,0.0
val_01036,synpic19169.jpg,Organ System,what organ is this image of?,musculoskeletal,musculoskeletal,1.0,1.0,0.5,1.0
val_01037,synpic52424.jpg,Organ System,what is one organ system seen in this image?,spine and contents,ct scan,0.0,0.0,0.0043,0.0
val_01038,synpic52430.jpg,Organ System,what is the organ principally shown in this mri?,musculoskeletal,ct scan,0.0,0.0,0.0025,0.0
val_01039,synpic51878.jpg,Organ System,what organ is this mri showing?,gastrointestinal,gastrointestinal,1.0,1.0,0.5,1.0
val_01040,synpic25109.jpg,Organ System,what organ is this image of?,skull and contents,ct scan,0.0,0.0,0.0043,0.0
val_01041,synpic21186.jpg,Organ System,what part of the body is being imaged here?,musculoskeletal,ct scan,0.0,0.0,0.0025,0.0
val_01042,synpic52140.jpg,Organ System,what part of the body is being imaged here?,"face, sinuses, and neck","face, sinuses, and neck",1.0,1.0,1.0,1.0
val_01043,synpic32893.jpg,Organ System,what part of the body is being imaged?,gastrointestinal,ct scan,0.0,0.0,0.0025,0.0
val_01044,synpic25451.jpg,Organ System,what organ system is evaluated primarily?,"lung, mediastinum, pleura",ct scan,0.0,0.0,0.0043,0.0
val_01045,synpic18101.jpg,Organ System,the x-ray shows what organ system?,spine and contents,spine and contents,1.0,1.0,1.0,1.0
val_01046,synpic18115.jpg,Organ System,what organ system is pictured here?,musculoskeletal,ct scan,0.0,0.0,0.0025,0.0
val_01047,synpic17583.jpg,Organ System,what organ system is visualized?,musculoskeletal,ct scan,0.0,0.0,0.0025,0.0
val_01048,synpic100295.jpg,Organ System,what is one organ system seen in this image?,genitourinary,genitourinary,1.0,1.0,0.5,1.0
val_01049,synpic46243.jpg,Organ System,what organ system is shown in this mri?,spine and contents,ct scan,0.0,0.0,0.0043,0.0
val_01050,synpic38951.jpg,Organ System,what organ system is visualized?,musculoskeletal,ct scan,0.0,0.0,0.0025,0.0
val_01051,synpic60290.jpg,Organ System,the ct scan shows what organ system?,genitourinary,genitourinary,1.0,1.0,0.5,1.0
val_01052,synpic17970.jpg,Organ System,what organ system is shown in the image?,musculoskeletal,ct scan,0.0,0.0,0.0025,0.0
val_01053,synpic17780.jpg,Organ System,what part of the body does this gastrointestinal image show?,gastrointestinal,ct scan,0.0,0.0,0.0025,0.0
val_01054,synpic28216.jpg,Organ System,what is the organ principally shown in this gastrointestinal image?,gastrointestinal,gastrointestinal,1.0,1.0,0.5,1.0
val_01055,synpic31753.jpg,Organ System,what organ is this ct scan showing?,vascular and lymphatic,ct scan,0.0,0.0,0.0043,0.0
val_01056,synpic16475.jpg,Organ System,what organ system is pictured here?,gastrointestinal,ct scan,0.0,0.0,0.0025,0.0
val_01057,synpic38575.jpg,Organ System,what organ system is displayed in this mri?,skull and contents,skull and contents,1.0,1.0,1.0,1.0
val_01058,synpic41707.jpg,Organ System,what organ system is primarily present in this image?,spine and contents,ct scan,0.0,0.0,0.0043,0.0
val_01059,synpic26950.jpg,Organ System,what organ system is shown in the image?,gastrointestinal,ct scan,0.0,0.0,0.0025,0.0
val_01060,synpic18921.jpg,Organ System,what organ system is primarily present in this image?,genitourinary,genitourinary,1.0,1.0,0.5,1.0
val_01061,synpic29054.jpg,Organ System,what organ is this x-ray showing?,musculoskeletal,ct scan,0.0,0.0,0.0025,0.0
val_01062,synpic56870.jpg,Organ System,what is one organ system seen in this image?,spine and contents,ct scan,0.0,0.0,0.0043,0.0
val_01063,synpic21385.jpg,Organ System,the mri shows what organ system?,skull and contents,skull and contents,1.0,1.0,1.0,1.0
val_01064,synpic57577.jpg,Organ System,what organ system is imaged?,skull and contents,ct scan,0.0,0.0,0.0043,0.0
val_01065,synpic40779.jpg,Organ System,what organ system is visualized?,gastrointestinal,ct scan,0.0,0.0,0.0025,0.0
val_01066,synpic49985.jpg,Organ System,what organ system is shown in the image?,spine and contents,spine and contents,1.0,1.0,1.0,1.0
val_01067,synpic50556.jpg,Organ System,what organ system is visualized?,skull and contents,ct scan,0.0,0.0,0.0043,0.0
val_01068,synpic57239.jpg,Organ System,which organ system is shown in the mri?,skull and contents,ct scan,0.0,0.0,0.0043,0.0
val_01069,synpic54730.jpg,Organ System,what organ system is being imaged?,gastrointestinal,gastrointestinal,1.0,1.0,0.5,1.0
val_01070,synpic52631.jpg,Organ System,which organ system is shown in the mri?,skull and contents,ct scan,0.0,0.0,0.0043,0.0
val_01071,synpic28837.jpg,Organ System,which organ system is imaged?,skull and contents,ct scan,0.0,0.0,0.0043,0.0
val_01072,synpic39709.jpg,Organ System,what organ system is evaluated primarily?,skull and contents,skull and contents,1.0,1.0,1.0,1.0
val_01073,synpic61204.jpg,Organ System,what part of the body is being imaged here?,musculoskeletal,ct scan,0.0,0.0,0.0025,0.0
val_01074,synpic27523.jpg,Organ System,what organ is this ct scan showing?,"lung, mediastinum, pleura",ct scan,0.0,0.0,0.0043,0.0
val_01075,synpic61238.jpg,Organ System,what organ system is evaluated primarily?,skull and contents,skull and contents,1.0,1.0,1.0,1.0
val_01076,synpic58532.jpg,Organ System,what is the organ principally shown in this mri?,skull and contents,ct scan,0.0,0.0,0.0043,0.0
val_01077,synpic45577.jpg,Organ System,what part of the body is being imaged here?,skull and contents,ct scan,0.0,0.0,0.0043,0.0
val_01078,synpic39696.jpg,Organ System,what is the organ system in this image?,skull and contents,skull and contents,1.0,1.0,1.0,1.0
val_01079,synpic23157.jpg,Organ System,what organ system is primarily present in this image?,skull and contents,ct scan,0.0,0.0,0.0043,0.0
val_01080,synpic23631.jpg,Organ System,what organ system is visualized?,skull and contents,ct scan,0.0,0.0,0.0043,0.0
val_01081,synpic27319.jpg,Organ System,which organ is captured by this x-ray?,musculoskeletal,musculoskeletal,1.0,1.0,0.5,1.0
val_01082,synpic51072.jpg,Organ System,which organ system is imaged?,skull and contents,ct scan,0.0,0.0,0.0043,0.0
val_01083,synpic53659.jpg,Organ System,what organ system is pictured here?,"lung, mediastinum, pleura",ct scan,0.0,0.0,0.0043,0.0
val_01084,synpic58095.jpg,Organ System,what organ is this ct scan showing?,gastrointestinal,gastrointestinal,1.0,1.0,0.5,1.0
val_01085,synpic60250.jpg,Organ System,what organ is this image of?,skull and contents,ct scan,0.0,0.0,0.0043,0.0
val_01086,synpic40194.jpg,Organ System,what part of the body does this ct scan show?,musculoskeletal,ct scan,0.0,0.0,0.0025,0.0
val_01087,synpic29645.jpg,Organ System,what organ system is primarily present in this image?,musculoskeletal,musculoskeletal,1.0,1.0,0.5,1.0
val_01088,synpic31036.jpg,Organ System,what organ system is primarily present in this image?,"lung, mediastinum, pleura",ct scan,0.0,0.0,0.0043,0.0
val_01089,synpic33806.jpg,Organ System,what part of the body is being imaged here?,skull and contents,ct scan,0.0,0.0,0.0043,0.0
val_01090,synpic27873.jpg,Organ System,what organ is this image showing?,breast,breast,1.0,1.0,0.5,1.0
val_01091,synpic38953.jpg,Organ System,what is the organ principally shown in this x-ray?,musculoskeletal,ct scan,0.0,0.0,0.0025,0.0
val_01092,synpic49172.jpg,Organ System,what organ system is primarily present in this image?,musculoskeletal,ct scan,0.0,0.0,0.0025,0.0
val_01093,synpic59407.jpg,Organ System,what is one organ system seen in this image?,"face, sinuses, and neck","face, sinuses, and neck",1.0,1.0,1.0,1.0
val_01094,synpic43477.jpg,Organ System,what organ system is imaged?,musculoskeletal,ct scan,0.0,0.0,0.0025,0.0
val_01095,synpic53314.jpg,Organ System,what is the organ system in this image?,skull and contents,ct scan,0.0,0.0,0.0043,0.0
val_01096,synpic46876.jpg,Organ System,what part of the body does this x-ray show?,"lung, mediastinum, pleura","lung, mediastinum, pleura",1.0,1.0,1.0,1.0
val_01097,synpic28188.jpg,Organ System,what organ system is visualized?,musculoskeletal,ct scan,0.0,0.0,0.0025,0.0
val_01098,synpic47573.jpg,Organ System,what organ is this image of?,skull and contents,ct scan,0.0,0.0,0.0043,0.0
val_01099,synpic30260.jpg,Organ System,what organ system is being imaged?,vascular and lymphatic,vascular and lymphatic,1.0,1.0,1.0,1.0
val_01100,synpic45827.jpg,Organ System,which organ system is imaged?,skull and contents,ct scan,0.0,0.0,0.0043,0.0
val_01101,synpic27046.jpg,Organ System,what organ system is visualized?,musculoskeletal,ct scan,0.0,0.0,0.0025,0.0
val_01102,synpic20729.jpg,Organ System,the ct scan shows what organ system?,spine and contents,spine and contents,1.0,1.0,1.0,1.0
val_01103,synpic30248.jpg,Organ System,which organ system is shown in the ct scan?,heart and great vessels,ct scan,0.0,0.0,0.0026,0.0
val_01104,synpic53738.jpg,Organ System,what organ system is shown in the image?,spine and contents,ct scan,0.0,0.0,0.0043,0.0
val_01105,synpic17620.jpg,Organ System,what organ is this ct scan showing?,gastrointestinal,gastrointestinal,1.0,1.0,0.5,1.0
val_01106,synpic47017.jpg,Organ System,what organ system is displayed in this mri?,skull and contents,ct scan,0.0,0.0,0.0043,0.0
val_01107,synpic41314.jpg,Organ System,what organ system is shown in the image?,skull and contents,ct scan,0.0,0.0,0.0043,0.0
val_01108,synpic55403.jpg,Organ System,what is the organ principally shown in this ct scan?,skull and contents,skull and contents,1.0,1.0,1.0,1.0
val_01109,synpic27730.jpg,Organ System,what part of the body is being imaged?,gastrointestinal,ct scan,0.0,0.0,0.0025,0.0
val_01110,synpic58682.jpg,Organ System,which organ system is imaged?,spine and contents,ct scan,0.0,0.0,0.0043,0.0
val_01111,synpic50023.jpg,Organ System,what organ system is imaged?,"lung, mediastinum, pleura","lung, mediastinum, pleura",1.0,1.0,1.0,1.0
val_01112,synpic57758.jpg,Organ System,the mri shows what organ system?,skull and contents,ct scan,0.0,0.0,0.0043,0.0
val_01113,synpic19225.jpg,Organ System,what organ systems can be evaluated with this mri?,skull and contents,ct scan,0.0,0.0,0.0043,0.0
val_01114,synpic16880.jpg,Organ System,which organ system is imaged?,musculoskeletal,musculoskeletal,1.0,1.0,0.5,1.0
val_01115,synpic48730.jpg,Organ System,what organ system is imaged?,genitourinary,ct scan,0.0,0.0,0.0025,0.0
val_01116,synpic21786.jpg,Organ System,what organ system is evaluated primarily?,"face, sinuses, and neck",ct scan,0.0,0.0,0.0026,0.0
val_01117,synpic25090.jpg,Organ System,which organ system is shown in the ct scan?,gastrointestinal,gastrointestinal,1.0,1.0,0.5,1.0
val_01118,synpic58912.jpg,Organ System,what organ systems can be evaluated with this mri?,skull and contents,ct scan,0.0,0.0,0.0043,0.0
val_01119,synpic35240.jpg,Organ System,what organ is this image of?,skull and contents,ct scan,0.0,0.0,0.0043,0.0
val_01120,synpic33143.jpg,Organ System,which organ system is shown in the mri?,musculoskeletal,musculoskeletal,1.0,1.0,0.5,1.0
val_01121,synpic28204.jpg,Organ System,what organ system is shown in the image?,gastrointestinal,ct scan,0.0,0.0,0.0025,0.0
val_01122,synpic26201.jpg,Organ System,what is the organ principally shown in this x-ray?,skull and contents,ct scan,0.0,0.0,0.0043,0.0
val_01123,synpic41271.jpg,Organ System,which organ is captured by this x-ray?,musculoskeletal,musculoskeletal,1.0,1.0,0.5,1.0
val_01124,synpic8182.jpg,Organ System,what is the organ system in this image?,gastrointestinal,ct scan,0.0,0.0,0.0025,0.0
val_01125,synpic57188.jpg,Organ System,what organ system is displayed in this mri?,skull and contents,ct scan,0.0,0.0,0.0043,0.0
val_01126,synpic43843.jpg,Organ System,what organ system is visualized?,skull and contents,skull and contents,1.0,1.0,1.0,1.0
val_01127,synpic36210.jpg,Organ System,what organ system is pictured here?,"face, sinuses, and neck",ct scan,0.0,0.0,0.0026,0.0
val_01128,synpic58495.jpg,Organ System,what organ system is pictured here?,skull and contents,ct scan,0.0,0.0,0.0043,0.0
val_01129,synpic40231.jpg,Organ System,what part of the body does this mri show?,skull and contents,skull and contents,1.0,1.0,1.0,1.0
val_01130,synpic40782.jpg,Organ System,what organ systems can be evaluated with this ct scan?,spine and contents,ct scan,0.0,0.0,0.0043,0.0
val_01131,synpic53098.jpg,Organ System,what is the organ principally shown in this mri?,skull and contents,ct scan,0.0,0.0,0.0043,0.0
val_01132,synpic31184.jpg,Organ System,the ct scan shows what organ system?,genitourinary,genitourinary,1.0,1.0,0.5,1.0
val_01133,synpic56123.jpg,Organ System,what organ system is primarily present in this image?,musculoskeletal,ct scan,0.0,0.0,0.0025,0.0
val_01134,synpic59548.jpg,Organ System,the ct scan shows what organ system?,skull and contents,ct scan,0.0,0.0,0.0043,0.0
val_01135,synpic21418.jpg,Organ System,what organ system is shown in the image?,"lung, mediastinum, pleura","lung, mediastinum, pleura",1.0,1.0,1.0,1.0
val_01136,synpic17814.jpg,Organ System,what part of the body is being imaged?,gastrointestinal,ct scan,0.0,0.0,0.0025,0.0
val_01137,synpic22893.jpg,Organ System,which organ system is imaged?,"face, sinuses, and neck",ct scan,0.0,0.0,0.0026,0.0
val_01138,synpic33236.jpg,Organ System,what organ system is shown in this angiogram?,vascular and lymphatic,vascular and lymphatic,1.0,1.0,1.0,1.0
val_01139,synpic59945.jpg,Organ System,which organ is captured by this ct scan?,skull and contents,ct scan,0.0,0.0,0.0043,0.0
val_01140,synpic27492.jpg,Organ System,what organ system is shown in the image?,skull and contents,ct scan,0.0,0.0,0.0043,0.0
val_01141,synpic45565.jpg,Organ System,what organ is this ct scan showing?,"lung, mediastinum, pleura","lung, mediastinum, pleura",1.0,1.0,1.0,1.0
val_01142,synpic16883.jpg,Organ System,what part of the body does this mri show?,musculoskeletal,ct scan,0.0,0.0,0.0025,0.0
val_01143,synpic43699.jpg,Organ System,what organ is this mri showing?,skull and contents,ct scan,0.0,0.0,0.0043,0.0
val_01144,synpic23151.jpg,Organ System,what organ system is shown in the image?,"lung, mediastinum, pleura","lung, mediastinum, pleura",1.0,1.0,1.0,1.0
val_01145,synpic21020.jpg,Organ System,what organ system is pictured here?,skull and contents,ct scan,0.0,0.0,0.0043,0.0
val_01146,synpic52596.jpg,Organ System,what organ system is pictured here?,spine and contents,ct scan,0.0,0.0,0.0043,0.0
val_01147,synpic56901.jpg,Organ System,what organ system is displayed in this mri?,spine and contents,spine and contents,1.0,1.0,1.0,1.0
val_01148,synpic38404.jpg,Organ System,what organ system is shown in the image?,spine and contents,ct scan,0.0,0.0,0.0043,0.0
val_01149,synpic40597.jpg,Organ System,which organ is captured by this ct scan?,genitourinary,ct scan,0.0,0.0,0.0025,0.0
val_01150,synpic26612.jpg,Organ System,what organ system is being imaged?,skull and contents,skull and contents,1.0,1.0,1.0,1.0
val_01151,synpic100332.jpg,Organ System,what part of the body is being imaged?,spine and contents,ct scan,0.0,0.0,0.0043,0.0
val_01152,synpic26809.jpg,Organ System,what organ is this ct scan showing?,genitourinary,ct scan,0.0,0.0,0.0025,0.0
val_01153,synpic59005.jpg,Organ System,what organ system is shown in the image?,skull and contents,skull and contents,1.0,1.0,1.0,1.0
val_01154,synpic43576.jpg,Organ System,which organ system is shown in the x-ray?,musculoskeletal,ct scan,0.0,0.0,0.0025,0.0
val_01155,synpic33913.jpg,Organ System,what is one organ system seen in this image?,genitourinary,ct scan,0.0,0.0,0.0025,0.0
val_01156,synpic23255.jpg,Organ System,what organ systems can be evaluated with this ct scan?,skull and contents,skull and contents,1.0,1.0,1.0,1.0
val_01157,synpic21442.jpg,Organ System,what organ system is shown in the image?,genitourinary,ct scan,0.0,0.0,0.0025,0.0
val_01158,synpic38885.jpg,Organ System,which organ system is shown in the ct scan?,gastrointestinal,ct scan,0.0,0.0,0.0025,0.0
val_01159,synpic17866.jpg,Organ System,which organ is captured by this ct scan?,genitourinary,genitourinary,1.0,1.0,0.5,1.0
val_01160,synpic24512.jpg,Organ System,what organ system is primarily present in this image?,skull and contents,ct scan,0.0,0.0,0.0043,0.0
val_01161,synpic24506.jpg,Organ System,what organ system is displayed in this mri?,skull and contents,ct scan,0.0,0.0,0.0043,0.0
val_01162,synpic39557.jpg,Organ System,what part of the body does this x-ray show?,"lung, mediastinum, pleura","lung, mediastinum, pleura",1.0,1.0,1.0,1.0
val_01163,synpic33293.jpg,Organ System,what part of the body is being imaged here?,gastrointestinal,ct scan,0.0,0.0,0.0025,0.0
val_01164,synpic13143.jpg,Organ System,which organ is captured by this mri?,"face, sinuses, and neck",ct scan,0.0,0.0,0.0026,0.0
val_01165,synpic17319.jpg,Organ System,what is one organ system seen in this image?,gastrointestinal,gastrointestinal,1.0,1.0,0.5,1.0
val_01166,synpic33481.jpg,Organ System,what organ is this image of?,"lung, mediastinum, pleura",ct scan,0.0,0.0,0.0043,0.0
val_01167,synpic24857.jpg,Organ System,what organ system is shown in this ct scan?,skull and contents,ct scan,0.0,0.0,0.0043,0.0
val_01168,synpic37195.jpg,Organ System,what is the organ principally shown in this ct scan?,genitourinary,genitourinary,1.0,1.0,0.5,1.0
val_01169,synpic48796.jpg,Organ System,what organ system is primarily present in this image?,"lung, mediastinum, pleura",ct scan,0.0,0.0,0.0043,0.0
val_01170,synpic47664.jpg,Organ System,what organ system is evaluated primarily?,skull and contents,ct scan,0.0,0.0,0.0043,0.0
val_01171,synpic56027.jpg,Organ System,what organ system is evaluated primarily?,skull and contents,skull and contents,1.0,1.0,1.0,1.0
val_01172,synpic42084.jpg,Organ System,what organ is this image of?,skull and contents,ct scan,0.0,0.0,0.0043,0.0
val_01173,synpic37433.jpg,Organ System,what organ system is imaged?,"face, sinuses, and neck",ct scan,0.0,0.0,0.0026,0.0
val_01174,synpic34853.jpg,Organ System,which organ system is imaged?,skull and contents,skull and contents,1.0,1.0,1.0,1.0
val_01175,synpic32749.jpg,Organ System,what organ system is visualized?,spine and contents,ct scan,0.0,0.0,0.0043,0.0
val_01176,synpic60966.jpg,Organ System,what organ system is evaluated primarily?,"lung, mediastinum, pleura",ct scan,0.0,0.0,0.0043,0.0
val_01177,synpic25382.jpg,Organ System,what organ system is shown in the image?,vascular and lymphatic,vascular and lymphatic,1.0,1.0,1.0,1.0
val_01178,synpic39967.jpg,Organ System,what organ system is pictured here?,skull and contents,ct scan,0.0,0.0,0.0043,0.0
val_01179,synpic27768.jpg,Organ System,what organ system is shown in this angiogram?,vascular and lymphatic,ct scan,0.0,0.0,0.0043,0.0
val_01180,synpic30200.jpg,Organ System,what organ system is visualized?,"face, sinuses, and neck","face, sinuses, and neck",1.0,1.0,1.0,1.0
val_01181,synpic31678.jpg,Organ System,what organ system is pictured here?,musculoskeletal,ct scan,0.0,0.0,0.0025,0.0
val_01182,synpic53994.jpg,Organ System,what organ system is being imaged?,skull and contents,ct scan,0.0,0.0,0.0043,0.0
val_01183,synpic49072.jpg,Organ System,what is the organ principally shown in this mri?,skull and contents,skull and contents,1.0,1.0,1.0,1.0
val_01184,synpic19651.jpg,Organ System,what organ system is being imaged?,spine and contents,ct scan,0.0,0.0,0.0043,0.0
val_01185,synpic53980.jpg,Organ System,what organ systems can be evaluated with this mri?,skull and contents,ct scan,0.0,0.0,0.0043,0.0
val_01186,synpic33084.jpg,Organ System,what is the organ system in this image?,genitourinary,genitourinary,1.0,1.0,0.5,1.0
val_01187,synpic56608.jpg,Organ System,what organ systems can be evaluated with this ct scan?,spine and contents,ct scan,0.0,0.0,0.0043,0.0
val_01188,synpic48422.jpg,Organ System,what is the organ principally shown in this mri?,skull and contents,ct scan,0.0,0.0,0.0043,0.0
val_01189,synpic46419.jpg,Organ System,what organ system is imaged?,skull and contents,skull and contents,1.0,1.0,1.0,1.0
val_01190,synpic17124.jpg,Organ System,which organ is captured by this x-ray?,musculoskeletal,ct scan,0.0,0.0,0.0025,0.0
val_01191,synpic47049.jpg,Organ System,which organ is captured by this ct scan?,gastrointestinal,ct scan,0.0,0.0,0.0025,0.0
val_01192,synpic40915.jpg,Organ System,what organ is this image of?,skull and contents,skull and contents,1.0,1.0,1.0,1.0
val_01193,synpic51818.jpg,Organ System,what organ is this image of?,skull and contents,ct scan,0.0,0.0,0.0043,0.0
val_01194,synpic32401.jpg,Organ System,the x-ray shows what organ system?,"face, sinuses, and neck",ct scan,0.0,0.0,0.0026,0.0
val_01195,synpic34070.jpg,Organ System,what organ system is evaluated primarily?,gastrointestinal,gastrointestinal,1.0,1.0,0.5,1.0
val_01196,synpic55854.jpg,Organ System,what organ system is visualized?,skull and contents,ct scan,0.0,0.0,0.0043,0.0
val_01197,synpic29237.jpg,Organ System,what organ system is displayed in this x-ray?,musculoskeletal,ct scan,0.0,0.0,0.0025,0.0
val_01198,synpic39193.jpg,Organ System,what organ system is visualized?,musculoskeletal,musculoskeletal,1.0,1.0,0.5,1.0
val_01199,synpic33455.jpg,Organ System,what organ system is imaged?,genitourinary,ct scan,0.0,0.0,0.0025,0.0
val_01200,synpic41564.jpg,Organ System,what is one organ system seen in this image?,skull and contents,ct scan,0.0,0.0,0.0043,0.0
val_01201,synpic54169.jpg,Organ System,what organ system is evaluated primarily?,skull and contents,skull and contents,1.0,1.0,1.0,1.0
val_01202,synpic57312.jpg,Organ System,what organ system is shown in this ct scan?,spine and contents,ct scan,0.0,0.0,0.0043,0.0
val_01203,synpic54627.jpg,Organ System,what organ systems can be evaluated with this mri?,skull and contents,ct scan,0.0,0.0,0.0043,0.0
val_01204,synpic58790.jpg,Organ System,what is the organ principally shown in this ct scan?,skull and contents,skull and contents,1.0,1.0,1.0,1.0
val_01205,synpic58974.jpg,Organ System,what organ system is shown in the image?,skull and contents,ct scan,0.0,0.0,0.0043,0.0
val_01206,synpic35568.jpg,Organ System,what organ is this ct scan showing?,skull and contents,ct scan,0.0,0.0,0.0043,0.0
val_01207,synpic53835.jpg,Organ System,what organ system is being imaged?,heart and great vessels,heart and great vessels,1.0,1.0,1.0,1.0
val_01208,synpic47855.jpg,Organ System,the mri shows what organ system?,spine and contents,ct scan,0.0,0.0,0.0043,0.0
val_01209,synpic58008.jpg,Organ System,what part of the body does this ct scan show?,spine and contents,ct scan,0.0,0.0,0.0043,0.0
val_01210,synpic15120.jpg,Organ System,what organ system is imaged?,spine and contents,spine and contents,1.0,1.0,1.0,1.0
val_01211,synpic33695.jpg,Organ System,which organ system is imaged?,musculoskeletal,ct scan,0.0,0.0,0.0025,0.0
val_01212,synpic100545.jpg,Organ System,what organ system is being imaged?,spine and contents,ct scan,0.0,0.0,0.0043,0.0
val_01213,synpic58544.jpg,Organ System,what organ system is primarily present in this image?,skull and contents,skull and contents,1.0,1.0,1.0,1.0
val_01214,synpic32825.jpg,Organ System,what part of the body is being imaged?,gastrointestinal,ct scan,0.0,0.0,0.0025,0.0
val_01215,synpic41613.jpg,Organ System,what organ system is shown in the image?,gastrointestinal,ct scan,0.0,0.0,0.0025,0.0
val_01216,synpic39569.jpg,Organ System,what organ is this x-ray showing?,musculoskeletal,musculoskeletal,1.0,1.0,0.5,1.0
val_01217,synpic24538.jpg,Organ System,what part of the body is being imaged?,heart and great vessels,ct scan,0.0,0.0,0.0026,0.0
val_01218,synpic17121.jpg,Organ System,what organ systems can be evaluated with this x-ray?,breast,ct scan,0.0,0.0,0.0025,0.0
val_01219,synpic34061.jpg,Organ System,what organ is this image of?,gastrointestinal,gastrointestinal,1.0,1.0,0.5,1.0
val_01220,synpic36110.jpg,Organ System,what organ system is pictured here?,musculoskeletal,ct scan,0.0,0.0,0.0025,0.0
val_01221,synpic56814.jpg,Organ System,what organ is this image of?,musculoskeletal,ct scan,0.0,0.0,0.0025,0.0
val_01222,synpic43955.jpg,Organ System,which organ system is imaged?,musculoskeletal,musculoskeletal,1.0,1.0,0.5,1.0
val_01223,synpic54434.jpg,Organ System,what organ system is evaluated primarily?,skull and contents,ct scan,0.0,0.0,0.0043,0.0
val_01224,synpic24879.jpg,Organ System,what organ system is being imaged?,gastrointestinal,ct scan,0.0,0.0,0.0025,0.0
val_01225,synpic39828.jpg,Organ System,what organ systems can be evaluated with this mri?,skull and contents,skull and contents,1.0,1.0,1.0,1.0
val_01226,synpic48021.jpg,Organ System,what organ system is imaged?,skull and contents,ct scan,0.0,0.0,0.0043,0.0
val_01227,synpic49129.jpg,Organ System,what organ is this ct scan showing?,genitourinary,ct scan,0.0,0.0,0.0025,0.0
val_01228,synpic58742.jpg,Organ System,what is one organ system seen in this image?,skull and contents,skull and contents,1.0,1.0,1.0,1.0
val_01229,synpic15871.jpg,Organ System,which organ is captured by this ct scan?,musculoskeletal,ct scan,0.0,0.0,0.0025,0.0
val_01230,synpic58965.jpg,Organ System,what organ systems can be evaluated with this mri?,skull and contents,ct scan,0.0,0.0,0.0043,0.0
val_01231,synpic39357.jpg,Organ System,what organ system is visualized?,heart and great vessels,heart and great vessels,1.0,1.0,1.0,1.0
val_01232,synpic60223.jpg,Organ System,what organ system is being imaged?,skull and contents,ct scan,0.0,0.0,0.0043,0.0
val_01233,synpic34841.jpg,Organ System,what is the organ principally shown in this mri?,musculoskeletal,ct scan,0.0,0.0,0.0025,0.0
val_01234,synpic21041.jpg,Organ System,what organ system is displayed in this ct scan?,heart and great vessels,heart and great vessels,1.0,1.0,1.0,1.0
val_01235,synpic55071.jpg,Organ System,what is one organ system seen in this image?,skull and contents,ct scan,0.0,0.0,0.0043,0.0
val_01236,synpic41825.jpg,Organ System,which organ is captured by this mri?,musculoskeletal,ct scan,0.0,0.0,0.0025,0.0
val_01237,synpic55850.jpg,Organ System,what part of the body is being imaged here?,skull and contents,skull and contents,1.0,1.0,1.0,1.0
val_01238,synpic34276.jpg,Organ System,which organ system is shown in the mri?,spine and contents,ct scan,0.0,0.0,0.0043,0.0
val_01239,synpic25384.jpg,Organ System,what organ system is shown in this mri?,skull and contents,ct scan,0.0,0.0,0.0043,0.0
val_01240,synpic43767.jpg,Organ System,what organ system is imaged?,skull and contents,skull and contents,1.0,1.0,1.0,1.0
val_01241,synpic23252.jpg,Organ System,which organ is captured by this ultrasound?,genitourinary,ct scan,0.0,0.0,0.0025,0.0
val_01242,synpic53789.jpg,Organ System,what is one organ system seen in this image?,skull and contents,ct scan,0.0,0.0,0.0043,0.0
val_01243,synpic52468.jpg,Organ System,the mri shows what organ system?,skull and contents,skull and contents,1.0,1.0,1.0,1.0
val_01244,synpic42135.jpg,Organ System,what organ system is visualized?,musculoskeletal,ct scan,0.0,0.0,0.0025,0.0
val_01245,synpic58184.jpg,Organ System,what part of the body does this mri show?,skull and contents,ct scan,0.0,0.0,0.0043,0.0
val_01246,synpic48397.jpg,Organ System,what organ system is primarily present in this image?,skull and contents,skull and contents,1.0,1.0,1.0,1.0
val_01247,synpic45466.jpg,Organ System,what part of the body is being imaged here?,"face, sinuses, and neck",ct scan,0.0,0.0,0.0026,0.0
val_01248,synpic46966.jpg,Organ System,what is the organ system in this image?,musculoskeletal,ct scan,0.0,0.0,0.0025,0.0
val_01249,synpic39618.jpg,Organ System,which organ system is shown in the x-ray?,musculoskeletal,musculoskeletal,1.0,1.0,0.5,1.0
val_01250,synpic18359.jpg,Organ System,what organ system is shown in the image?,musculoskeletal,ct scan,0.0,0.0,0.0025,0.0
val_01251,synpic56036.jpg,Organ System,what organ system is shown in the image?,skull and contents,ct scan,0.0,0.0,0.0043,0.0
val_01252,synpic49116.jpg,Organ System,what organ system is evaluated primarily?,spine and contents,spine and contents,1.0,1.0,1.0,1.0
val_01253,synpic53199.jpg,Organ System,the ct scan shows what organ system?,skull and contents,ct scan,0.0,0.0,0.0043,0.0
val_01254,synpic38739.jpg,Organ System,what organ system is imaged?,genitourinary,ct scan,0.0,0.0,0.0025,0.0
val_01255,synpic17902.jpg,Organ System,what organ system is visualized?,skull and contents,skull and contents,1.0,1.0,1.0,1.0
val_01256,synpic22952.jpg,Organ System,what organ system is shown in the image?,genitourinary,ct scan,0.0,0.0,0.0025,0.0
val_01257,synpic16361.jpg,Organ System,what is the organ principally shown in this mri?,musculoskeletal,ct scan,0.0,0.0,0.0025,0.0
val_01258,synpic19052.jpg,Organ System,what organ system is primarily present in this image?,gastrointestinal,gastrointestinal,1.0,1.0,0.5,1.0
val_01259,synpic27433.jpg,Organ System,what organ system is shown in this ultrasound?,genitourinary,ct scan,0.0,0.0,0.0025,0.0
val_01260,synpic54393.jpg,Organ System,what part of the body does this mri show?,skull and contents,ct scan,0.0,0.0,0.0043,0.0
val_01261,synpic42268.jpg,Organ System,which organ system is imaged?,musculoskeletal,musculoskeletal,1.0,1.0,0.5,1.0
val_01262,synpic17527.jpg,Organ System,what part of the body is being imaged?,"lung, mediastinum, pleura",ct scan,0.0,0.0,0.0043,0.0
val_01263,synpic43604.jpg,Organ System,what is the organ principally shown in this ultrasound?,genitourinary,ct scan,0.0,0.0,0.0025,0.0
val_01264,synpic50917.jpg,Organ System,what organ is this image of?,skull and contents,skull and contents,1.0,1.0,1.0,1.0
val_01265,synpic39751.jpg,Organ System,what organ system is shown in the image?,musculoskeletal,ct scan,0.0,0.0,0.0025,0.0
val_01266,synpic21687.jpg,Organ System,what organ system is shown in the image?,vascular and lymphatic,ct scan,0.0,0.0,0.0043,0.0
val_01267,synpic35180.jpg,Organ System,what organ system is primarily present in this image?,genitourinary,genitourinary,1.0,1.0,0.5,1.0
val_01268,synpic18012.jpg,Organ System,what part of the body is being imaged here?,skull and contents,ct scan,0.0,0.0,0.0043,0.0
val_01269,synpic16765.jpg,Organ System,what organ system is pictured here?,musculoskeletal,ct scan,0.0,0.0,0.0025,0.0
val_01270,synpic19640.jpg,Organ System,what part of the body is being imaged?,vascular and lymphatic,vascular and lymphatic,1.0,1.0,1.0,1.0
val_01271,synpic54017.jpg,Organ System,what organ is this image of?,"face, sinuses, and neck",ct scan,0.0,0.0,0.0026,0.0
val_01272,synpic33926.jpg,Organ System,what organ systems can be evaluated with this ct scan?,genitourinary,ct scan,0.0,0.0,0.0025,0.0
val_01273,synpic59241.jpg,Organ System,what part of the body does this mri show?,skull and contents,skull and contents,1.0,1.0,1.0,1.0
val_01274,synpic44990.jpg,Organ System,what is the organ system in this image?,spine and contents,ct scan,0.0,0.0,0.0043,0.0
val_01275,synpic28094.jpg,Organ System,what organ systems can be evaluated with this x-ray?,musculoskeletal,ct scan,0.0,0.0,0.0025,0.0
val_01276,synpic35947.jpg,Organ System,what organ system is imaged?,spine and contents,spine and contents,1.0,1.0,1.0,1.0
val_01277,synpic41793.jpg,Organ System,what organ is this mri showing?,spine and contents,ct scan,0.0,0.0,0.0043,0.0
val_01278,synpic43423.jpg,Organ System,what is one organ system seen in this image?,musculoskeletal,ct scan,0.0,0.0,0.0025,0.0
val_01279,synpic16378.jpg,Organ System,what organ system is shown in the image?,musculoskeletal,musculoskeletal,1.0,1.0,0.5,1.0
val_01280,synpic33107.jpg,Organ System,what is the organ principally shown in this mri?,skull and contents,ct scan,0.0,0.0,0.0043,0.0
val_01281,synpic47877.jpg,Organ System,what organ system is primarily present in this image?,skull and contents,ct scan,0.0,0.0,0.0043,0.0
val_01282,synpic22547.jpg,Organ System,what part of the body does this ct scan show?,genitourinary,genitourinary,1.0,1.0,0.5,1.0
val_01283,synpic33489.jpg,Organ System,what part of the body is being imaged here?,gastrointestinal,ct scan,0.0,0.0,0.0025,0.0
val_01284,synpic20393.jpg,Organ System,which organ is captured by this x-ray?,musculoskeletal,ct scan,0.0,0.0,0.0025,0.0
val_01285,synpic50674.jpg,Organ System,what is the organ principally shown in this mri?,spine and contents,spine and contents,1.0,1.0,1.0,1.0
val_01286,synpic46002.jpg,Organ System,what organ system is shown in this ct scan?,heart and great vessels,ct scan,0.0,0.0,0.0026,0.0
val_01287,synpic41751.jpg,Organ System,what is the organ system in this image?,spine and contents,ct scan,0.0,0.0,0.0043,0.0
val_01288,synpic21890.jpg,Organ System,what part of the body does this mri show?,gastrointestinal,gastrointestinal,1.0,1.0,0.5,1.0
val_01289,synpic9384.jpg,Organ System,what organ system is shown in this x-ray?,vascular and lymphatic,ct scan,0.0,0.0,0.0043,0.0
val_01290,synpic31315.jpg,Organ System,what organ system is imaged?,breast,ct scan,0.0,0.0,0.0025,0.0
val_01291,synpic38331.jpg,Organ System,what organ system is imaged?,musculoskeletal,musculoskeletal,1.0,1.0,0.5,1.0
val_01292,synpic25374.jpg,Organ System,what is the organ principally shown in this ultrasound?,vascular and lymphatic,ct scan,0.0,0.0,0.0043,0.0
val_01293,synpic54214.jpg,Organ System,what organ system is displayed in this ct scan?,spine and contents,ct scan,0.0,0.0,0.0043,0.0
val_01294,synpic56615.jpg,Organ System,which organ is captured by this ct scan?,spine and contents,spine and contents,1.0,1.0,1.0,1.0
val_01295,synpic37599.jpg,Organ System,which organ is captured by this mri?,vascular and lymphatic,ct scan,0.0,0.0,0.0043,0.0
val_01296,synpic55308.jpg,Organ System,what part of the body is being imaged?,gastrointestinal,ct scan,0.0,0.0,0.0025,0.0
val_01297,synpic45133.jpg,Organ System,the ct scan shows what organ system?,gastrointestinal,gastrointestinal,1.0,1.0,0.5,1.0
val_01298,synpic54994.jpg,Organ System,what is the organ principally shown in this ct scan?,skull and contents,ct scan,0.0,0.0,0.0043,0.0
val_01299,synpic41341.jpg,Organ System,what organ is this image of?,"face, sinuses, and neck",ct scan,0.0,0.0,0.0026,0.0
val_01300,synpic54766.jpg,Organ System,what is the organ principally shown in this mri?,"face, sinuses, and neck","face, sinuses, and neck",1.0,1.0,1.0,1.0
val_01301,synpic22196.jpg,Organ System,what is the organ system in this image?,genitourinary,ct scan,0.0,0.0,0.0025,0.0
val_01302,synpic29772.jpg,Organ System,what part of the body is being imaged here?,musculoskeletal,ct scan,0.0,0.0,0.0025,0.0
val_01303,synpic18008.jpg,Organ System,what organ system is shown in the image?,musculoskeletal,musculoskeletal,1.0,1.0,0.5,1.0
val_01304,synpic30800.jpg,Organ System,what organ system is imaged?,heart and great vessels,ct scan,0.0,0.0,0.0026,0.0
val_01305,synpic41960.jpg,Organ System,what is the organ principally shown in this gastrointestinal image?,gastrointestinal,ct scan,0.0,0.0,0.0025,0.0
val_01306,synpic28295.jpg,Organ System,what organ system is shown in the image?,"face, sinuses, and neck","face, sinuses, and neck",1.0,1.0,1.0,1.0
val_01307,synpic24487.jpg,Organ System,what organ system is displayed in this angiogram?,skull and contents,ct scan,0.0,0.0,0.0043,0.0
val_01308,synpic20187.jpg,Organ System,what organ system is pictured here?,vascular and lymphatic,ct scan,0.0,0.0,0.0043,0.0
val_01309,synpic26246.jpg,Organ System,the mri shows what organ system?,skull and contents,skull and contents,1.0,1.0,1.0,1.0
val_01310,synpic16352.jpg,Organ System,what part of the body does this ct scan show?,vascular and lymphatic,ct scan,0.0,0.0,0.0043,0.0
val_01311,synpic59337.jpg,Organ System,what part of the body is being imaged here?,"lung, mediastinum, pleura",ct scan,0.0,0.0,0.0043,0.0
val_01312,synpic48212.jpg,Organ System,what organ system is shown in this x-ray?,"lung, mediastinum, pleura","lung, mediastinum, pleura",1.0,1.0,1.0,1.0
val_01313,synpic57871.jpg,Organ System,what part of the body does this angiogram show?,skull and contents,ct scan,0.0,0.0,0.0043,0.0
val_01314,synpic34454.jpg,Organ System,what organ system is shown in the image?,gastrointestinal,ct scan,0.0,0.0,0.0025,0.0
val_01315,synpic17299.jpg,Organ System,what part of the body does this angiogram show?,vascular and lymphatic,vascular and lymphatic,1.0,1.0,1.0,1.0
val_01316,synpic28733.jpg,Organ System,what organ system is being imaged?,"lung, mediastinum, pleura",ct scan,0.0,0.0,0.0043,0.0
val_01317,synpic55727.jpg,Organ System,the mri shows what organ system?,breast,ct scan,0.0,0.0,0.0025,0.0
val_01318,synpic45246.jpg,Organ System,what part of the body is being imaged here?,"lung, mediastinum, pleura","lung, mediastinum, pleura",1.0,1.0,1.0,1.0
val_01319,synpic57642.jpg,Organ System,what organ system is visualized?,skull and contents,ct scan,0.0,0.0,0.0043,0.0
val_01320,synpic60171.jpg,Organ System,what is the organ system in this image?,"face, sinuses, and neck",ct scan,0.0,0.0,0.0026,0.0
val_01321,synpic29565.jpg,Organ System,what part of the body does this x-ray show?,"lung, mediastinum, pleura","lung, mediastinum, pleura",1.0,1.0,1.0,1.0
val_01322,synpic19303.jpg,Organ System,what organ systems can be evaluated with this image?,breast,ct scan,0.0,0.0,0.0025,0.0
val_01323,synpic51353.jpg,Organ System,which organ is captured by this mri?,skull and contents,ct scan,0.0,0.0,0.0043,0.0
val_01324,synpic26332.jpg,Organ System,what is the organ principally shown in this ct scan?,"lung, mediastinum, pleura","lung, mediastinum, pleura",1.0,1.0,1.0,1.0
val_01325,synpic53785.jpg,Organ System,what part of the body is being imaged?,skull and contents,ct scan,0.0,0.0,0.0043,0.0
val_01326,synpic53024.jpg,Organ System,what organ system is displayed in this ct scan?,skull and contents,ct scan,0.0,0.0,0.0043,0.0
val_01327,synpic45861.jpg,Organ System,what organ system is shown in the image?,gastrointestinal,gastrointestinal,1.0,1.0,0.5,1.0
val_01328,synpic31104.jpg,Organ System,what is one organ system seen in this image?,"lung, mediastinum, pleura",ct scan,0.0,0.0,0.0043,0.0
val_01329,synpic49242.jpg,Organ System,what organ system is pictured here?,spine and contents,ct scan,0.0,0.0,0.0043,0.0
val_01330,synpic41636.jpg,Organ System,what organ is this ct scan showing?,"face, sinuses, and neck","face, sinuses, and neck",1.0,1.0,1.0,1.0
val_01331,synpic58401.jpg,Organ System,what part of the body is being imaged?,heart and great vessels,ct scan,0.0,0.0,0.0026,0.0
val_01332,synpic51357.jpg,Organ System,what organ system is displayed in this mri?,"face, sinuses, and neck",ct scan,0.0,0.0,0.0026,0.0
val_01333,synpic44955.jpg,Organ System,what organ is this image of?,"face, sinuses, and neck","face, sinuses, and neck",1.0,1.0,1.0,1.0
val_01334,synpic23070.jpg,Organ System,what organ system is pictured here?,gastrointestinal,ct scan,0.0,0.0,0.0025,0.0
val_01335,synpic47469.jpg,Organ System,what organ system is visualized?,skull and contents,ct scan,0.0,0.0,0.0043,0.0
val_01336,synpic19529.jpg,Organ System,what organ system is pictured here?,"lung, mediastinum, pleura","lung, mediastinum, pleura",1.0,1.0,1.0,1.0
val_01337,synpic46993.jpg,Organ System,which organ system is shown in the mri?,spine and contents,ct scan,0.0,0.0,0.0043,0.0
val_01338,synpic28051.jpg,Organ System,the ct scan shows what organ system?,skull and contents,ct scan,0.0,0.0,0.0043,0.0
val_01339,synpic58993.jpg,Organ System,what organ system is pictured here?,skull and contents,skull and contents,1.0,1.0,1.0,1.0
val_01340,synpic43431.jpg,Organ System,what part of the body is being imaged here?,gastrointestinal,ct scan,0.0,0.0,0.0025,0.0
val_01341,synpic20814.jpg,Organ System,what organ system is visualized?,breast,ct scan,0.0,0.0,0.0025,0.0
val_01342,synpic46549.jpg,Organ System,what organ systems can be evaluated with this gastrointestinal image?,gastrointestinal,gastrointestinal,1.0,1.0,0.5,1.0
val_01343,synpic54830.jpg,Organ System,what organ system is evaluated primarily?,musculoskeletal,ct scan,0.0,0.0,0.0025,0.0
val_01344,synpic40845.jpg,Organ System,what organ system is displayed in this mri?,skull and contents,ct scan,0.0,0.0,0.0043,0.0
val_01345,synpic35203.jpg,Organ System,what organ systems can be evaluated with this mri?,skull and contents,skull and contents,1.0,1.0,1.0,1.0
val_01346,synpic58951.jpg,Organ System,which organ system is imaged?,"face, sinuses, and neck",ct scan,0.0,0.0,0.0026,0.0
val_01347,synpic51752.jpg,Organ System,what organ is this ultrasound showing?,skull and contents,ct scan,0.0,0.0,0.0043,0.0
val_01348,synpic19716.jpg,Organ System,what organ system is shown in the image?,skull and contents,skull and contents,1.0,1.0,1.0,1.0
val_01349,synpic56001.jpg,Organ System,the angiogram shows what organ system?,skull and contents,ct scan,0.0,0.0,0.0043,0.0
val_01350,synpic55508.jpg,Organ System,what organ system is primarily present in this image?,"face, sinuses, and neck",ct scan,0.0,0.0,0.0026,0.0
val_01351,synpic32746.jpg,Organ System,what organ system is shown in the image?,musculoskeletal,musculoskeletal,1.0,1.0,0.5,1.0
val_01352,synpic52918.jpg,Organ System,what organ is this image of?,skull and contents,ct scan,0.0,0.0,0.0043,0.0
val_01353,synpic21672.jpg,Organ System,what is one organ system seen in this image?,gastrointestinal,ct scan,0.0,0.0,0.0025,0.0
val_01354,synpic51395.jpg,Organ System,what organ systems can be evaluated with this mri?,skull and contents,skull and contents,1.0,1.0,1.0,1.0
val_01355,synpic27571.jpg,Organ System,what organ system is visualized?,musculoskeletal,ct scan,0.0,0.0,0.0025,0.0
val_01356,synpic50921.jpg,Organ System,which organ system is imaged?,skull and contents,ct scan,0.0,0.0,0.0043,0.0
val_01357,synpic53596.jpg,Organ System,what organ system is shown in this mri?,heart and great vessels,heart and great vessels,1.0,1.0,1.0,1.0
val_01358,synpic32632.jpg,Organ System,what is the organ principally shown in this x-ray?,musculoskeletal,ct scan,0.0,0.0,0.0025,0.0
val_01359,synpic59939.jpg,Organ System,what is the organ principally shown in this mri?,skull and contents,ct scan,0.0,0.0,0.0043,0.0
val_01360,synpic22390.jpg,Organ System,what organ is this ct scan showing?,musculoskeletal,musculoskeletal,1.0,1.0,0.5,1.0
val_01361,synpic28454.jpg,Organ System,what organ system is evaluated primarily?,gastrointestinal,ct scan,0.0,0.0,0.0025,0.0
val_01362,synpic40703.jpg,Organ System,what part of the body is being imaged?,skull and contents,ct scan,0.0,0.0,0.0043,0.0
val_01363,synpic38876.jpg,Organ System,which organ system is imaged?,skull and contents,skull and contents,1.0,1.0,1.0,1.0
val_01364,synpic15700.jpg,Organ System,what is the organ principally shown in this mri?,vascular and lymphatic,ct scan,0.0,0.0,0.0043,0.0
val_01365,synpic21328.jpg,Organ System,what organ system is pictured here?,spine and contents,ct scan,0.0,0.0,0.0043,0.0
val_01366,synpic44995.jpg,Organ System,what organ system is primarily present in this image?,skull and contents,skull and contents,1.0,1.0,1.0,1.0
val_01367,synpic48836.jpg,Organ System,the ultrasound shows what organ system?,heart and great vessels,ct scan,0.0,0.0,0.0026,0.0
val_01368,synpic26651.jpg,Organ System,what organ system is pictured here?,heart and great vessels,ct scan,0.0,0.0,0.0026,0.0
val_01369,synpic57862.jpg,Organ System,what is one organ system seen in this image?,skull and contents,skull and contents,1.0,1.0,1.0,1.0
val_01370,synpic43817.jpg,Organ System,what part of the body is being imaged here?,musculoskeletal,ct scan,0.0,0.0,0.0025,0.0
val_01371,synpic24495.jpg,Organ System,what organ system is shown in this x-ray?,vascular and lymphatic,ct scan,0.0,0.0,0.0043,0.0
val_01372,synpic22755.jpg,Organ System,what organ system is pictured here?,skull and contents,skull and contents,1.0,1.0,1.0,1.0
val_01373,synpic34123.jpg,Organ System,what organ system is displayed in this ct scan?,genitourinary,ct scan,0.0,0.0,0.0025,0.0
val_01374,synpic22741.jpg,Organ System,what organ is this mri showing?,spine and contents,ct scan,0.0,0.0,0.0043,0.0
val_01375,synpic33102.jpg,Organ System,what organ systems can be evaluated with this x-ray?,"lung, mediastinum, pleura","lung, mediastinum, pleura",1.0,1.0,1.0,1.0
val_01376,synpic47683.jpg,Organ System,what organ system is shown in the image?,"face, sinuses, and neck",ct scan,0.0,0.0,0.0026,0.0
val_01377,synpic19933.jpg,Organ System,what is one organ system seen in this image?,"lung, mediastinum, pleura",ct scan,0.0,0.0,0.0043,0.0
val_01378,synpic53152.jpg,Organ System,what is the organ principally shown in this mri?,skull and contents,skull and contents,1.0,1.0,1.0,1.0
val_01379,synpic40660.jpg,Organ System,what organ system is shown in the image?,skull and contents,ct scan,0.0,0.0,0.0043,0.0
val_01380,synpic31933.jpg,Organ System,what part of the body is being imaged here?,skull and contents,ct scan,0.0,0.0,0.0043,0.0
val_01381,synpic24899.jpg,Organ System,what part of the body is being imaged here?,musculoskeletal,musculoskeletal,1.0,1.0,0.5,1.0
val_01382,synpic55682.jpg,Organ System,what organ is this image of?,skull and contents,ct scan,0.0,0.0,0.0043,0.0
val_01383,synpic53581.jpg,Organ System,which organ system is shown in the x-ray?,skull and contents,ct scan,0.0,0.0,0.0043,0.0
val_01384,synpic11771.jpg,Organ System,what organ system is primarily present in this image?,skull and contents,skull and contents,1.0,1.0,1.0,1.0
val_01385,synpic31884.jpg,Organ System,what is the organ system in this image?,gastrointestinal,ct scan,0.0,0.0,0.0025,0.0
val_01386,synpic17664.jpg,Organ System,what organ system is visualized?,heart and great vessels,ct scan,0.0,0.0,0.0026,0.0
val_01387,synpic36696.jpg,Organ System,what part of the body does this ct scan show?,genitourinary,genitourinary,1.0,1.0,0.5,1.0
val_01388,synpic53727.jpg,Organ System,what part of the body is being imaged?,heart and great vessels,ct scan,0.0,0.0,0.0026,0.0
val_01389,synpic42170.jpg,Organ System,what organ system is pictured here?,"lung, mediastinum, pleura",ct scan,0.0,0.0,0.0043,0.0
val_01390,synpic34794.jpg,Organ System,what is the organ principally shown in this mri?,skull and contents,skull and contents,1.0,1.0,1.0,1.0
val_01391,synpic49970.jpg,Organ System,what organ system is shown in the image?,gastrointestinal,ct scan,0.0,0.0,0.0025,0.0
val_01392,synpic47975.jpg,Organ System,what is the organ principally shown in this gastrointestinal image?,gastrointestinal,ct scan,0.0,0.0,0.0025,0.0
val_01393,synpic40559.jpg,Organ System,what organ system is imaged?,spine and contents,spine and contents,1.0,1.0,1.0,1.0
val_01394,synpic57757.jpg,Organ System,what organ system is imaged?,skull and contents,ct scan,0.0,0.0,0.0043,0.0
val_01395,synpic21602.jpg,Organ System,which organ system is shown in the x-ray?,musculoskeletal,ct scan,0.0,0.0,0.0025,0.0
val_01396,synpic47342.jpg,Organ System,what organ system is shown in the image?,skull and contents,skull and contents,1.0,1.0,1.0,1.0
val_01397,synpic16119.jpg,Organ System,what organ system is displayed in this mri?,"face, sinuses, and neck",ct scan,0.0,0.0,0.0026,0.0
val_01398,synpic48065.jpg,Organ System,what organ system is being imaged?,skull and contents,ct scan,0.0,0.0,0.0043,0.0
val_01399,synpic51285.jpg,Organ System,what organ system is evaluated primarily?,skull and contents,skull and contents,1.0,1.0,1.0,1.0
val_01400,synpic36236.jpg,Organ System,what part of the body is being imaged?,"lung, mediastinum, pleura",ct scan,0.0,0.0,0.0043,0.0
val_01401,synpic28587.jpg,Organ System,what organ system is pictured here?,"face, sinuses, and neck",ct scan,0.0,0.0,0.0026,0.0
val_01402,synpic50366.jpg,Organ System,what is one organ system seen in this image?,skull and contents,skull and contents,1.0,1.0,1.0,1.0
val_01403,synpic28544.jpg,Organ System,what part of the body does this gastrointestinal image show?,gastrointestinal,ct scan,0.0,0.0,0.0025,0.0
val_01404,synpic37470.jpg,Organ System,what part of the body is being imaged here?,vascular and lymphatic,ct scan,0.0,0.0,0.0043,0.0
val_01405,synpic38742.jpg,Organ System,what part of the body is being imaged?,gastrointestinal,gastrointestinal,1.0,1.0,0.5,1.0
val_01406,synpic42788.jpg,Organ System,the mri shows what organ system?,skull and contents,ct scan,0.0,0.0,0.0043,0.0
val_01407,synpic43455.jpg,Organ System,what organ system is evaluated primarily?,"lung, mediastinum, pleura",ct scan,0.0,0.0,0.0043,0.0
val_01408,synpic55545.jpg,Organ System,which organ system is imaged?,skull and contents,skull and contents,1.0,1.0,1.0,1.0
val_01409,synpic38795.jpg,Organ System,what organ system is being imaged?,skull and contents,ct scan,0.0,0.0,0.0043,0.0
val_01410,synpic60065.jpg,Organ System,which organ is captured by this mri?,musculoskeletal,ct scan,0.0,0.0,0.0025,0.0
val_01411,synpic18848.jpg,Organ System,which organ system is imaged?,gastrointestinal,gastrointestinal,1.0,1.0,0.5,1.0
val_01412,synpic49352.jpg,Organ System,what organ system is primarily present in this image?,gastrointestinal,ct scan,0.0,0.0,0.0025,0.0
val_01413,synpic23766.jpg,Organ System,what part of the body does this mri show?,skull and contents,ct scan,0.0,0.0,0.0043,0.0
val_01414,synpic50039.jpg,Organ System,what organ system is primarily present in this image?,spine and contents,spine and contents,1.0,1.0,1.0,1.0
val_01415,synpic40000.jpg,Organ System,what organ system is being imaged?,skull and contents,ct scan,0.0,0.0,0.0043,0.0
val_01416,synpic54713.jpg,Organ System,which organ is captured by this ultrasound?,"face, sinuses, and neck",ct scan,0.0,0.0,0.0026,0.0
val_01417,synpic45150.jpg,Organ System,what part of the body does this mri show?,skull and contents,skull and contents,1.0,1.0,1.0,1.0
val_01418,synpic47023.jpg,Organ System,what organ system is shown in this mri?,skull and contents,ct scan,0.0,0.0,0.0043,0.0
val_01419,synpic53042.jpg,Organ System,the mri shows what organ system?,skull and contents,ct scan,0.0,0.0,0.0043,0.0
val_01420,synpic47751.jpg,Organ System,what part of the body is being imaged here?,skull and contents,skull and contents,1.0,1.0,1.0,1.0
val_01421,synpic57218.jpg,Organ System,what part of the body is being imaged?,musculoskeletal,ct scan,0.0,0.0,0.0025,0.0
val_01422,synpic30532.jpg,Organ System,which organ system is imaged?,spine and contents,ct scan,0.0,0.0,0.0043,0.0
val_01423,synpic22136.jpg,Organ System,what organ system is being imaged?,breast,breast,1.0,1.0,0.5,1.0
val_01424,synpic24235.jpg,Organ System,which organ system is imaged?,genitourinary,ct scan,0.0,0.0,0.0025,0.0
val_01425,synpic48112.jpg,Organ System,what organ system is primarily present in this image?,genitourinary,ct scan,0.0,0.0,0.0025,0.0
val_01426,synpic14645.jpg,Organ System,what is one organ system seen in this image?,musculoskeletal,musculoskeletal,1.0,1.0,0.5,1.0
val_01427,synpic58329.jpg,Organ System,the mri shows what organ system?,skull and contents,ct scan,0.0,0.0,0.0043,0.0
val_01428,synpic50775.jpg,Organ System,what organ system is evaluated primarily?,spine and contents,ct scan,0.0,0.0,0.0043,0.0
val_01429,synpic18902.jpg,Organ System,what is one organ system seen in this image?,musculoskeletal,musculoskeletal,1.0,1.0,0.5,1.0
val_01430,synpic35648.jpg,Organ System,what organ system is primarily present in this image?,vascular and lymphatic,ct scan,0.0,0.0,0.0043,0.0
val_01431,synpic26620.jpg,Organ System,what is the organ system in this image?,gastrointestinal,ct scan,0.0,0.0,0.0025,0.0
val_01432,synpic48066.jpg,Organ System,what organ system is pictured here?,skull and contents,skull and contents,1.0,1.0,1.0,1.0
val_01433,synpic39853.jpg,Organ System,what part of the body is being imaged here?,gastrointestinal,ct scan,0.0,0.0,0.0025,0.0
val_01434,synpic27338.jpg,Organ System,what organ system is imaged?,musculoskeletal,ct scan,0.0,0.0,0.0025,0.0
val_01435,synpic37881.jpg,Organ System,what part of the body does this mri show?,spine and contents,spine and contents,1.0,1.0,1.0,1.0
val_01436,synpic33629.jpg,Organ System,which organ is captured by this mri?,skull and contents,ct scan,0.0,0.0,0.0043,0.0
val_01437,synpic53877.jpg,Organ System,which organ is captured by this mri?,skull and contents,ct scan,0.0,0.0,0.0043,0.0
val_01438,synpic39463.jpg,Organ System,what organ system is visualized?,skull and contents,skull and contents,1.0,1.0,1.0,1.0
val_01439,synpic43481.jpg,Organ System,what organ system is primarily present in this image?,"face, sinuses, and neck",ct scan,0.0,0.0,0.0026,0.0
val_01440,synpic32126.jpg,Organ System,what organ system is being imaged?,vascular and lymphatic,ct scan,0.0,0.0,0.0043,0.0
val_01441,synpic44926.jpg,Organ System,what organ is this mri showing?,musculoskeletal,musculoskeletal,1.0,1.0,0.5,1.0
val_01442,synpic58300.jpg,Organ System,what organ system is shown in this mri?,spine and contents,ct scan,0.0,0.0,0.0043,0.0
val_01443,synpic25880.jpg,Organ System,what organ system is pictured here?,gastrointestinal,ct scan,0.0,0.0,0.0025,0.0
val_01444,synpic16292.jpg,Organ System,what organ system is shown in the image?,skull and contents,skull and contents,1.0,1.0,1.0,1.0
val_01445,synpic51136.jpg,Organ System,what organ system is pictured here?,"lung, mediastinum, pleura",ct scan,0.0,0.0,0.0043,0.0
val_01446,synpic49209.jpg,Organ System,what organ system is pictured here?,musculoskeletal,ct scan,0.0,0.0,0.0025,0.0
val_01447,synpic55813.jpg,Organ System,what organ system is shown in the image?,skull and contents,skull and contents,1.0,1.0,1.0,1.0
val_01448,synpic46847.jpg,Organ System,what organ system is shown in the image?,skull and contents,ct scan,0.0,0.0,0.0043,0.0
val_01449,synpic45382.jpg,Organ System,what organ system is being imaged?,spine and contents,ct scan,0.0,0.0,0.0043,0.0
val_01450,synpic55026.jpg,Organ System,which organ is captured by this mri?,skull and contents,skull and contents,1.0,1.0,1.0,1.0
val_01451,synpic21980.jpg,Organ System,what is one organ system seen in this image?,"lung, mediastinum, pleura",ct scan,0.0,0.0,0.0043,0.0
val_01452,synpic48249.jpg,Organ System,the mri shows what organ system?,skull and contents,ct scan,0.0,0.0,0.0043,0.0
val_01453,synpic54648.jpg,Organ System,what organ system is evaluated primarily?,vascular and lymphatic,vascular and lymphatic,1.0,1.0,1.0,1.0
val_01454,synpic16484.jpg,Organ System,what organ is this image of?,breast,ct scan,0.0,0.0,0.0025,0.0
val_01455,synpic43447.jpg,Organ System,what organ system is evaluated primarily?,gastrointestinal,ct scan,0.0,0.0,0.0025,0.0
val_01456,synpic54675.jpg,Organ System,which organ system is shown in the mri?,skull and contents,skull and contents,1.0,1.0,1.0,1.0
val_01457,synpic29463.jpg,Organ System,what organ system is imaged?,vascular and lymphatic,ct scan,0.0,0.0,0.0043,0.0
val_01458,synpic47351.jpg,Organ System,what organ system is evaluated primarily?,skull and contents,ct scan,0.0,0.0,0.0043,0.0
val_01459,synpic17228.jpg,Organ System,what part of the body is being imaged here?,musculoskeletal,musculoskeletal,1.0,1.0,0.5,1.0
val_01460,synpic51490.jpg,Organ System,what organ system is visualized?,gastrointestinal,ct scan,0.0,0.0,0.0025,0.0
val_01461,synpic35880.jpg,Organ System,what organ system is primarily present in this image?,skull and contents,ct scan,0.0,0.0,0.0043,0.0
val_01462,synpic34552.jpg,Organ System,which organ is captured by this mri?,skull and contents,skull and contents,1.0,1.0,1.0,1.0
val_01463,synpic52166.jpg,Organ System,which organ is captured by this ct scan?,musculoskeletal,ct scan,0.0,0.0,0.0025,0.0
val_01464,synpic21188.jpg,Organ System,what organ system is being imaged?,spine and contents,ct scan,0.0,0.0,0.0043,0.0
val_01465,synpic57585.jpg,Organ System,what part of the body does this x-ray show?,spine and contents,spine and contents,1.0,1.0,1.0,1.0
val_01466,synpic40947.jpg,Organ System,what is the organ system in this image?,skull and contents,ct scan,0.0,0.0,0.0043,0.0
val_01467,synpic29098.jpg,Organ System,what part of the body is being imaged?,breast,ct scan,0.0,0.0,0.0025,0.0
val_01468,synpic44506.jpg,Organ System,which organ system is shown in the mri?,skull and contents,skull and contents,1.0,1.0,1.0,1.0
val_01469,synpic52364.jpg,Organ System,what organ system is shown in the image?,skull and contents,ct scan,0.0,0.0,0.0043,0.0
val_01470,synpic57208.jpg,Organ System,which organ system is shown in the ct scan?,skull and contents,ct scan,0.0,0.0,0.0043,0.0
val_01471,synpic57578.jpg,Organ System,what part of the body is being imaged?,skull and contents,skull and contents,1.0,1.0,1.0,1.0
val_01472,synpic58887.jpg,Organ System,what part of the body is being imaged?,skull and contents,ct scan,0.0,0.0,0.0043,0.0
val_01473,synpic50565.jpg,Organ System,what part of the body is being imaged?,gastrointestinal,ct scan,0.0,0.0,0.0025,0.0
val_01474,synpic56114.jpg,Organ System,the mri shows what organ system?,skull and contents,skull and contents,1.0,1.0,1.0,1.0
val_01475,synpic23560.jpg,Organ System,what organ system is shown in the image?,gastrointestinal,ct scan,0.0,0.0,0.0025,0.0
val_01476,synpic34008.jpg,Organ System,what organ system is evaluated primarily?,"lung, mediastinum, pleura",ct scan,0.0,0.0,0.0043,0.0
val_01477,synpic16083.jpg,Organ System,what part of the body is being imaged here?,heart and great vessels,heart and great vessels,1.0,1.0,1.0,1.0
val_01478,synpic52004.jpg,Organ System,what organ system is visualized?,skull and contents,ct scan,0.0,0.0,0.0043,0.0
val_01479,synpic15401.jpg,Organ System,what organ is this image of?,heart and great vessels,ct scan,0.0,0.0,0.0026,0.0
val_01480,synpic57801.jpg,Organ System,which organ system is imaged?,skull and contents,skull and contents,1.0,1.0,1.0,1.0
val_01481,synpic25267.jpg,Organ System,what organ system is pictured here?,gastrointestinal,ct scan,0.0,0.0,0.0025,0.0
val_01482,synpic34632.jpg,Organ System,what organ system is shown in this ct scan?,spine and contents,ct scan,0.0,0.0,0.0043,0.0
val_01483,synpic45021.jpg,Organ System,what part of the body does this ct scan show?,vascular and lymphatic,vascular and lymphatic,1.0,1.0,1.0,1.0
val_01484,synpic50410.jpg,Organ System,what organ system is being imaged?,skull and contents,ct scan,0.0,0.0,0.0043,0.0
val_01485,synpic47178.jpg,Organ System,what organ system is visualized?,musculoskeletal,ct scan,0.0,0.0,0.0025,0.0
val_01486,synpic40398.jpg,Organ System,what organ system is imaged?,skull and contents,skull and contents,1.0,1.0,1.0,1.0
val_01487,synpic18681.jpg,Organ System,what organ systems can be evaluated with this mri?,skull and contents,ct scan,0.0,0.0,0.0043,0.0
val_01488,synpic38551.jpg,Organ System,what is the organ system in this image?,skull and contents,ct scan,0.0,0.0,0.0043,0.0
val_01489,synpic36540.jpg,Organ System,what is one organ system seen in this image?,skull and contents,skull and contents,1.0,1.0,1.0,1.0
val_01490,synpic17203.jpg,Organ System,what part of the body is being imaged?,gastrointestinal,ct scan,0.0,0.0,0.0025,0.0
val_01491,synpic57633.jpg,Organ System,what organ system is imaged?,spine and contents,ct scan,0.0,0.0,0.0043,0.0
val_01492,synpic56511.jpg,Organ System,what organ system is shown in this mri?,skull and contents,skull and contents,1.0,1.0,1.0,1.0
val_01493,synpic29500.jpg,Organ System,the x-ray shows what organ system?,gastrointestinal,ct scan,0.0,0.0,0.0025,0.0
val_01494,synpic48897.jpg,Organ System,what organ system is evaluated primarily?,skull and contents,ct scan,0.0,0.0,0.0043,0.0
val_01495,synpic45196.jpg,Organ System,what organ system is shown in this mri?,"face, sinuses, and neck","face, sinuses, and neck",1.0,1.0,1.0,1.0
val_01496,synpic45828.jpg,Organ System,what organ system is pictured here?,skull and contents,ct scan,0.0,0.0,0.0043,0.0
val_01497,synpic60458.jpg,Organ System,what part of the body is being imaged here?,musculoskeletal,ct scan,0.0,0.0,0.0025,0.0
val_01498,synpic43524.jpg,Organ System,what organ system is being imaged?,skull and contents,skull and contents,1.0,1.0,1.0,1.0
val_01499,synpic59568.jpg,Organ System,what organ system is shown in the image?,skull and contents,ct scan,0.0,0.0,0.0043,0.0
val_01500,synpic48459.jpg,Organ System,which organ system is shown in the mri?,spine and contents,ct scan,0.0,0.0,0.0043,0.0
val_01501,synpic54733.jpg,Abnormality,what is the primary abnormality in this image?,paraganglioma,paraganglioma,1.0,1.0,0.5,1.0
val_01502,synpic25647.jpg,Abnormality,is there an abnormality in the x-ray?,no,normal,0.0,0.0,0.005,0.0
val_01503,synpic35681.jpg,Abnormality,is there an abnormality in the mri?,no,normal,0.0,0.0,0.005,0.0
val_01504,synpic39641.jpg,Abnormality,what is the primary abnormality in this image?,ganglion cyst,ganglion cyst,1.0,1.0,1.0,1.0
val_01505,synpic35693.jpg,Abnormality,is this a normal mri?,yes,normal,0.0,0.0,0.005,0.0
val_01506,synpic17419.jpg,Abnormality,is this a normal ct scan?,yes,normal,0.0,0.0,0.005,0.0
val_01507,synpic32909.jpg,Abnormality,what abnormality is seen in the image?,cholelithiasis,cholelithiasis,1.0,1.0,0.5,1.0
val_01508,synpic48040.jpg,Abnormality,is there an abnormality in the ct scan?,no,normal,0.0,0.0,0.005,0.0
val_01509,synpic48351.jpg,Abnormality,what abnormality is seen in the image?,congenital cystic adenomatoid malformation,normal,0.0,0.0,0.0002,0.0
val_01510,synpic49503.jpg,Abnormality,is there evidence of any abnormalities?,no,no,1.0,1.0,0.5,1.0
val_01511,synpic18176.jpg,Abnormality,what is abnormal in the ct scan?,pancreatic ductal adenocarcinoma,normal,0.0,0.0,0.0007,0.0
val_01512,synpic36498.jpg,Abnormality,is there an abnormality in the x-ray?,no,normal,0.0,0.0,0.005,0.0
val_01513,synpic26850.jpg,Abnormality,is there an abnormality in the mri?,no,no,1.0,1.0,0.5,1.0
val_01514,synpic19508.jpg,Abnormality,what is the primary abnormality in this image?,omental cake,normal,0.0,0.0,0.0018,0.0
val_01515,synpic23496.jpg,Abnormality,what is most alarming about this mri?,imaging in traumatic brain injury,normal,0.0,0.0,0.0001,0.0
val_01516,synpic25435.jpg,Abnormality,what is abnormal in the mri?,dnet (dysembryoplastic neuroepithelial tumor),dnet (dysembryoplastic neuroepithelial tumor),1.0,1.0,1.0,1.0
val_01517,synpic38894.jpg,Abnormality,what is abnormal in the ct scan?,"liposarcoma, myxoid liposarcoma",normal,0.0,0.0,0.0007,0.0
val_01518,synpic25620.jpg,Abnormality,is this image normal?,yes,normal,0.0,0.0,0.005,0.0
val_01519,synpic25634.jpg,Abnormality,is there evidence of any abnormalities?,no,no,1.0,1.0,0.5,1.0
val_01520,synpic36490.jpg,Abnormality,does this image look normal?,yes,normal,0.0,0.0,0.005,0.0
val_01521,synpic40658.jpg,Abnormality,what is the primary abnormality in this image?,"astrocytoma, low-grade (who 2), supratentorial",normal,0.0,0.0,0.0001,0.0
val_01522,synpic27614.jpg,Abnormality,is this a normal x-ray?,yes,yes,1.0,1.0,0.5,1.0
val_01523,synpic26245.jpg,Abnormality,what is the primary abnormality in this image?,adult medulloblastoma,normal,0.0,0.0,0.0018,0.0
val_01524,synpic25628.jpg,Abnormality,are there abnormalities in this x-ray?,no,normal,0.0,0.0,0.005,0.0
val_01525,synpic34446.jpg,Abnormality,what is abnormal in the mri?,pleomorphic adenoma,pleomorphic adenoma,1.0,1.0,1.0,1.0
val_01526,synpic28899.jpg,Abnormality,does this image look normal?,yes,normal,0.0,0.0,0.005,0.0
val_01527,synpic28331.jpg,Abnormality,does this image look normal?,yes,normal,0.0,0.0,0.005,0.0
val_01528,synpic55791.jpg,Abnormality,what is abnormal in the mri?,giant tumefactive perivascular spaces,giant tumefactive perivascular spaces,1.0,1.0,1.0,1.0
val_01529,synpic32867.jpg,Abnormality,what is the primary abnormality in this image?,fibrous dysplasia,normal,0.0,0.0,0.0018,0.0
val_01530,synpic21201.jpg,Abnormality,is there an abnormality in the x-ray?,no,normal,0.0,0.0,0.005,0.0
val_01531,synpic20686.jpg,Abnormality,what is most alarming about this mammograph?,invasive lobular breast carcinoma,invasive lobular breast carcinoma,1.0,1.0,1.0,1.0
val_01532,synpic17412.jpg,Abnormality,is this a normal ct scan?,yes,normal,0.0,0.0,0.005,0.0
val_01533,synpic53907.jpg,Abnormality,what is abnormal in the ct scan?,paranasal sinus osteoma,normal,0.0,0.0,0.0007,0.0
val_01534,synpic24024.jpg,Abnormality,is this image normal?,yes,yes,1.0,1.0,0.5,1.0
val_01535,synpic59540.jpg,Abnormality,is there an abnormality in the image,yes,normal,0.0,0.0,0.005,0.0
val_01536,synpic19169.jpg,Abnormality,what is most alarming about this mri?,nonossifying fibroma,normal,0.0,0.0,0.0018,0.0
val_01537,synpic52424.jpg,Abnormality,what is abnormal in the ct scan?,burst fracture of l1,burst fracture of l1,1.0,1.0,1.0,1.0
val_01538,synpic52430.jpg,Abnormality,what is most alarming about this mri?,acute knee injury with effusion,normal,0.0,0.0,0.0001,0.0
val_01539,synpic51878.jpg,Abnormality,what is abnormal in the mri?,crohn disease,normal,0.0,0.0,0.0018,0.0
val_01540,synpic25109.jpg,Abnormality,what is abnormal in the mri?,schizencephaly (open-lip and closed-lip),schizencephaly (open-lip and closed-lip),1.0,1.0,1.0,1.0
val_01541,synpic21186.jpg,Abnormality,what is most alarming about this x-ray?,osteoarthritis,normal,0.0,0.0,0.005,0.0
val_01542,synpic52140.jpg,Abnormality,what is most alarming about this ct scan?,sialolithiasis,normal,0.0,0.0,0.005,0.0
val_01543,synpic32893.jpg,Abnormality,what is most alarming about this x-ray?,small bowel obstruction,small bowel obstruction,1.0,1.0,1.0,1.0
val_01544,synpic25451.jpg,Abnormality,what is abnormal in the x-ray?,pulmonary septic emboli,normal,0.0,0.0,0.0007,0.0
val_01545,synpic18101.jpg,Abnormality,what is most alarming about this x-ray?,sacral agenesis,normal,0.0,0.0,0.0018,0.0
val_01546,synpic18115.jpg,Abnormality,what is abnormal in the mri?,multifocal bone infarcts (osteonecrosis) in a patient with systemic lupus erythematosus,multifocal bone infarcts (osteonecrosis) in a patient with systemic lupus erythematosus,1.0,1.0,1.0,1.0
val_01547,synpic17583.jpg,Abnormality,what is the primary abnormality in this image?,heterotopic ossification,normal,0.0,0.0,0.0018,0.0
val_01548,synpic100295.jpg,Abnormality,what abnormality is seen in the image?,renal disease in systemic lupus erythematosus (sle) versus c3 glomerulonephritis,normal,0.0,0.0,0.0,0.0
val_01549,synpic46243.jpg,Abnormality,what is the primary abnormality in this image?,adenocarcinoma of the lung,adenocarcinoma of the lung,1.0,1.0,1.0,1.0
val_01550,synpic38951.jpg,Abnormality,what is abnormal in the x-ray?,scaphoid fracture,normal,0.0,0.0,0.0018,0.0
val_01551,synpic60290.jpg,Abnormality,what is the primary abnormality in this image?,nephroblastomatosis with bilateral wilms tumors,normal,0.0,0.0,0.0001,0.0
val_01552,synpic17970.jpg,Abnormality,what is the primary abnormality in this image?,"ankle fracture, weber class c","ankle fracture, weber class c",1.0,1.0,1.0,1.0
val_01553,synpic17780.jpg,Abnormality,what abnormality is seen in the image?,intussusception,normal,0.0,0.0,0.005,0.0
val_01554,synpic28216.jpg,Abnormality,what is most alarming about this gastrointestinal image?,juvenile polyposis syndrome,normal,0.0,0.0,0.0007,0.0
val_01555,synpic31753.jpg,Abnormality,what abnormality is seen in the image?,aortic pseudoaneurysm,aortic pseudoaneurysm,1.0,1.0,1.0,1.0
val_01556,synpic16475.jpg,Abnormality,what abnormality is seen in the image?,bronchogenic carcinoma of the lung with metastasis to the liver,normal,0.0,0.0,0.0,0.0
val_01557,synpic38575.jpg,Abnormality,what abnormality is seen in the image?,"unilateral megaloencephaly, hemimegalencephaly",normal,0.0,0.0,0.0007,0.0
val_01558,synpic41707.jpg,Abnormality,what is the primary abnormality in this image?,diffuse large cell lymphoma,diffuse large cell lymphoma,1.0,1.0,1.0,1.0
val_01559,synpic26950.jpg,Abnormality,what is abnormal in the gastrointestinal image?,traction esophageal diverticulum,normal,0.0,0.0,0.0007,0.0
val_01560,synpic18921.jpg,Abnormality,what is most alarming about this ultrasound?,evaluation of ovarian mass,normal,0.0,0.0,0.0002,0.0
val_01561,synpic29054.jpg,Abnormality,what abnormality is seen in the image?,kohler's disease,kohler's disease,1.0,1.0,1.0,1.0
val_01562,synpic56870.jpg,Abnormality,what is the primary abnormality in this image?,diastematomyelia,normal,0.0,0.0,0.005,0.0
val_01563,synpic21385.jpg,Abnormality,what abnormality is seen in the image?,open lip schizencephaly,normal,0.0,0.0,0.0007,0.0
val_01564,synpic57577.jpg,Abnormality,what is abnormal in the angiogram?,persistent trigeminal artery,persistent trigeminal artery,1.0,1.0,1.0,1.0
val_01565,synpic40779.jpg,Abnormality,what is most alarming about this ct scan?,pseudomembranous colitis,normal,0.0,0.0,0.0018,0.0
val_01566,synpic49985.jpg,Abnormality,what is abnormal in the ct scan?,fracture dislocation at c6-c7,normal,0.0,0.0,0.0002,0.0
val_01567,synpic50556.jpg,Abnormality,what is abnormal in the ct scan?,"dva, developmental venous anomaly, venous angioma","dva, developmental venous anomaly, venous angioma",1.0,1.0,1.0,1.0
val_01568,synpic57239.jpg,Abnormality,what is most alarming about this mri?,intracranial epidermoid cyst,normal,0.0,0.0,0.0007,0.0
val_01569,synpic54730.jpg,Abnormality,what is most alarming about this ct scan?,splenic artery aneurysm,normal,0.0,0.0,0.0007,0.0
val_01570,synpic52631.jpg,Abnormality,what is most alarming about this mri?,toxoplasmosis,toxoplasmosis,1.0,1.0,0.5,1.0
val_01571,synpic28837.jpg,Abnormality,what is abnormal in the ct scan?,"brain, parenchymal hemorrhage, contusion",normal,0.0,0.0,0.0002,0.0
val_01572,synpic39709.jpg,Abnormality,what is the primary abnormality in this image?,hypothalamic glioma,normal,0.0,0.0,0.0018,0.0
val_01573,synpic61204.jpg,Abnormality,what is most alarming about this x-ray?,"osteochondritis dissecans, trauma, and ischemia","osteochondritis dissecans, trauma, and ischemia",1.0,1.0,1.0,1.0
val_01574,synpic27523.jpg,Abnormality,what is most alarming about this ct scan?,mucus plug,normal,0.0,0.0,0.0018,0.0
val_01575,synpic61238.jpg,Abnormality,what abnormality is seen in the image?,langerhan cell histiocytosis,normal,0.0,0.0,0.0007,0.0
val_01576,synpic58532.jpg,Abnormality,what abnormality is seen in the image?,"vestibular schwannoma (""acoustic""schwannoma)","vestibular schwannoma (""acoustic""schwannoma)",1.0,1.0,1.0,1.0
val_01577,synpic45577.jpg,Abnormality,what is most alarming about this ct scan?,"astrocytoma, grading and subtypes",normal,0.0,0.0,0.0002,0.0
val_01578,synpic39696.jpg,Abnormality,what is abnormal in the mri?,hypothalamic glioma,normal,0.0,0.0,0.0018,0.0
val_01579,synpic23157.jpg,Abnormality,what is the primary abnormality in this image?,cavernous malformation (cavernous angioma),cavernous malformation (cavernous angioma),1.0,1.0,1.0,1.0
val_01580,synpic23631.jpg,Abnormality,what abnormality is seen in the image?,posterior cerebellar artery infarct,normal,0.0,0.0,0.0002,0.0
val_01581,synpic27319.jpg,Abnormality,what abnormality is seen in the image?,enchondroma,normal,0.0,0.0,0.005,0.0
val_01582,synpic51072.jpg,Abnormality,what is abnormal in the mri?,adult medulloblastoma,adult medulloblastoma,1.0,1.0,1.0,1.0
val_01583,synpic53659.jpg,Abnormality,what is the primary abnormality in this image?,metastatic malignant melanoma,normal,0.0,0.0,0.0007,0.0
val_01584,synpic58095.jpg,Abnormality,what is abnormal in the ct scan?,contained gallbladder perforation,normal,0.0,0.0,0.0007,0.0
val_01585,synpic60250.jpg,Abnormality,what is most alarming about this mri?,intracranial epidermoid cyst (retroclival),intracranial epidermoid cyst (retroclival),1.0,1.0,1.0,1.0
val_01586,synpic40194.jpg,Abnormality,what abnormality is seen in the image?,unicameral bone cyst,normal,0.0,0.0,0.0007,0.0
val_01587,synpic29645.jpg,Abnormality,what abnormality is seen in the image?,osteoid osteoma,normal,0.0,0.0,0.0018,0.0
val_01588,synpic31036.jpg,Abnormality,what is abnormal in the ct scan?,pe,pe,1.0,1.0,0.5,1.0
val_01589,synpic33806.jpg,Abnormality,is there evidence of any abnormalities?,yes,normal,0.0,0.0,0.005,0.0
val_01590,synpic27873.jpg,Abnormality,what is abnormal in the mammograph?,secretory calcifications of the breast,normal,0.0,0.0,0.0001,0.0
val_01591,synpic38953.jpg,Abnormality,what is most alarming about this x-ray?,scaphoid fracture,scaphoid fracture,1.0,1.0,1.0,1.0
val_01592,synpic49172.jpg,Abnormality,what is most alarming about this mri?,bucket handle tear,normal,0.0,0.0,0.0007,0.0
val_01593,synpic59407.jpg,Abnormality,what abnormality is seen in the image?,osteosarcoma,normal,0.0,0.0,0.005,0.0
val_01594,synpic43477.jpg,Abnormality,what is the primary abnormality in this image?,achilles tendon tear,achilles tendon tear,1.0,1.0,1.0,1.0
val_01595,synpic53314.jpg,Abnormality,what is most alarming about this mri?,meningioma,normal,0.0,0.0,0.005,0.0
val_01596,synpic46876.jpg,Abnormality,what is the primary abnormality in this image?,empyema,normal,0.0,0.0,0.005,0.0
val_01597,synpic28188.jpg,Abnormality,what is most alarming about this x-ray?,heterotopic ossification,heterotopic ossification,1.0,1.0,1.0,1.0
val_01598,synpic47573.jpg,Abnormality,what is the primary abnormality in this image?,pachygyria with schizencephaly,normal,0.0,0.0,0.0007,0.0
val_01599,synpic30260.jpg,Abnormality,what abnormality is seen in the image?,median arcuate ligament syndrome,normal,0.0,0.0,0.0002,0.0
val_01600,synpic45827.jpg,Abnormality,what abnormality is seen in the image?,marked hydrocephalus due to aqueductal stenosis,marked hydrocephalus due to aqueductal stenosis,1.0,1.0,1.0,1.0
val_01601,synpic27046.jpg,Abnormality,what is the primary abnormality in this image?,unicameral bone cyst with pathologic fracture,normal,0.0,0.0,0.0,0.0
val_01602,synpic20729.jpg,Abnormality,what is abnormal in the ct scan?,brain tumor and cancer protocols,normal,0.0,0.0,0.0001,0.0
val_01603,synpic30248.jpg,Abnormality,what is the primary abnormality in this image?,aberrant right subclavian artery (arsa),aberrant right subclavian artery (arsa),1.0,1.0,1.0,1.0
val_01604,synpic53738.jpg,Abnormality,what is the primary abnormality in this image?,lumbar spinal stenosis,normal,0.0,0.0,0.0007,0.0
val_01605,synpic17620.jpg,Abnormality,what is most alarming about this ct scan?,cholangiocarcinoma,normal,0.0,0.0,0.005,0.0
val_01606,synpic47017.jpg,Abnormality,what is the primary abnormality in this image?,non-hodgkin's lymphoma - b-cell lymphoma,non-hodgkin's lymphoma - b-cell lymphoma,1.0,1.0,1.0,1.0
val_01607,synpic41314.jpg,Abnormality,what is abnormal in the mri?,"vestibular (""acoustic"") schwannoma",normal,0.0,0.0,0.0007,0.0
val_01608,synpic55403.jpg,Abnormality,what is the primary abnormality in this image?,cerebral arteriovenous malformation (avm),normal,0.0,0.0,0.0002,0.0
val_01609,synpic27730.jpg,Abnormality,what is abnormal in the ultrasound?,gastroschisis,gastroschisis,1.0,1.0,0.5,1.0
val_01610,synpic58682.jpg,Abnormality,what abnormality is seen in the image?,pyogenic discitis,normal,0.0,0.0,0.0018,0.0
val_01611,synpic50023.jpg,Abnormality,what is most alarming about this x-ray?,swimming-induced pulmonary edema (sipe),normal,0.0,0.0,0.0002,0.0
val_01612,synpic57758.jpg,Abnormality,what abnormality is seen in the image?,fibro osseous lesions of the face and sinuses,fibro osseous lesions of the face and sinuses,1.0,1.0,1.0,1.0
val_01613,synpic19225.jpg,Abnormality,what is the primary abnormality in this image?,obstructive hydrocephalus (at level of sylvian aqueduct),normal,0.0,0.0,0.0,0.0
val_01614,synpic16880.jpg,Abnormality,what abnormality is seen in the image?,enchondroma,normal,0.0,0.0,0.005,0.0
val_01615,synpic48730.jpg,Abnormality,what abnormality is seen in the image?,ureterolithiasis,ureterolithiasis,1.0,1.0,0.5,1.0
val_01616,synpic21786.jpg,Abnormality,what is abnormal in the ct scan?,ossification of stylohyoid ligament,normal,0.0,0.0,0.0002,0.0
val_01617,synpic25090.jpg,Abnormality,what is abnormal in the ct scan?,colonic inguinal hernia,normal,0.0,0.0,0.0007,0.0
val_01618,synpic58912.jpg,Abnormality,what abnormality is seen in the image?,cerebral infarction,cerebral infarction,1.0,1.0,1.0,1.0
val_01619,synpic35240.jpg,Abnormality,what is the primary abnormality in this image?,tuberous sclerosis,normal,0.0,0.0,0.0018,0.0
val_01620,synpic33143.jpg,Abnormality,what is the primary abnormality in this image?,segond fracture with asssociated anterior cruciate ligament tear,normal,0.0,0.0,0.0,0.0
val_01621,synpic28204.jpg,Abnormality,what is the primary abnormality in this image?,pancreatic divisum,pancreatic divisum,1.0,1.0,1.0,1.0
val_01622,synpic26201.jpg,Abnormality,what is abnormal in the x-ray?,ied - improvised explosive device,normal,0.0,0.0,0.0002,0.0
val_01623,synpic41271.jpg,Abnormality,what is most alarming about this x-ray?,"medial epicondyle avulsion, entrapment between trochlea and olecranon",normal,0.0,0.0,0.0,0.0
val_01624,synpic8182.jpg,Abnormality,what abnormality is seen in the image?,diverticulitis,diverticulitis,1.0,1.0,0.5,1.0
val_01625,synpic57188.jpg,Abnormality,what abnormality is seen in the image?,glioblastoma multiforme (gbm),normal,0.0,0.0,0.0007,0.0
val_01626,synpic43843.jpg,Abnormality,what is most alarming about this angiogram?,arteriovenous malformation (avm),normal,0.0,0.0,0.0007,0.0
val_01627,synpic36210.jpg,Abnormality,what abnormality is seen in the image?,odontogenic keratocyst of the mandible,odontogenic keratocyst of the mandible,1.0,1.0,1.0,1.0
val_01628,synpic58495.jpg,Abnormality,what is abnormal in the mri?,glioblastoma multiforme,normal,0.0,0.0,0.0018,0.0
val_01629,synpic40231.jpg,Abnormality,what is abnormal in the mri?,"holoprosencephaly, alobar",normal,0.0,0.0,0.0018,0.0
val_01630,synpic40782.jpg,Abnormality,what is most alarming about this ct scan?,malignant melanoma,malignant melanoma,1.0,1.0,1.0,1.0
val_01631,synpic53098.jpg,Abnormality,what is the primary abnormality in this image?,rosette forming glioneuronal tumor of the pineal gland,normal,0.0,0.0,0.0,0.0
val_01632,synpic31184.jpg,Abnormality,what is the primary abnormality in this image?,mature cystic teratoma,normal,0.0,0.0,0.0007,0.0
val_01633,synpic56123.jpg,Abnormality,what is most alarming about this x-ray?,spinal osteochondroma,spinal osteochondroma,1.0,1.0,1.0,1.0
val_01634,synpic59548.jpg,Abnormality,what is the primary abnormality in this image?,arteriovenous malformation,normal,0.0,0.0,0.0018,0.0
val_01635,synpic21418.jpg,Abnormality,what abnormality is seen in the image?,invasive aspergillosis,normal,0.0,0.0,0.0018,0.0
val_01636,synpic17814.jpg,Abnormality,what abnormality is seen in the image?,biliary leak,biliary leak,1.0,1.0,1.0,1.0
val_01637,synpic22893.jpg,Abnormality,what abnormality is seen in the image?,solitary thyroid nodule,normal,0.0,0.0,0.0007,0.0
val_01638,synpic33236.jpg,Abnormality,what is most alarming about this angiogram?,raynaud's disease,normal,0.0,0.0,0.0018,0.0
val_01639,synpic59945.jpg,Abnormality,what is the primary abnormality in this image?,posterior inferior cerebellar artery infarct,posterior inferior cerebellar artery infarct,1.0,1.0,1.0,1.0
val_01640,synpic27492.jpg,Abnormality,what abnormality is seen in the image?,meningiomas,normal,0.0,0.0,0.005,0.0
val_01641,synpic45565.jpg,Abnormality,what abnormality is seen in the image?,sand aspiration,normal,0.0,0.0,0.0018,0.0
val_01642,synpic16883.jpg,Abnormality,what is most alarming about this mri?,enchondroma,enchondroma,1.0,1.0,0.5,1.0
val_01643,synpic43699.jpg,Abnormality,what is abnormal in the mri?,intracranial lipoma,normal,0.0,0.0,0.0018,0.0
val_01644,synpic23151.jpg,Abnormality,what is abnormal in the x-ray?,malignant mesothelioma,normal,0.0,0.0,0.0018,0.0
val_01645,synpic21020.jpg,Abnormality,what is the primary abnormality in this image?,glioblastoma multiforme,glioblastoma multiforme,1.0,1.0,1.0,1.0
val_01646,synpic52596.jpg,Abnormality,what is abnormal in the x-ray?,ankylosing spondylitis,normal,0.0,0.0,0.0018,0.0
val_01647,synpic56901.jpg,Abnormality,what is the primary abnormality in this image?,"spine, epidural abscess",normal,0.0,0.0,0.0007,0.0
val_01648,synpic38404.jpg,Abnormality,what abnormality is seen in the image?,lipomyelomeningocele with spinal cord syrinx,lipomyelomeningocele with spinal cord syrinx,1.0,1.0,1.0,1.0
val_01649,synpic40597.jpg,Abnormality,what abnormality is seen in the image?,immature teratoma,normal,0.0,0.0,0.0018,0.0
val_01650,synpic26612.jpg,Abnormality,what is abnormal in the angiogram?,meningioma,normal,0.0,0.0,0.005,0.0
val_01651,synpic100332.jpg,Abnormality,what is most alarming about this x-ray?,lumbosacral disc herniation vs lumbar spondylosis,lumbosacral disc herniation vs lumbar spondylosis,1.0,1.0,1.0,1.0
val_01652,synpic26809.jpg,Abnormality,what is the primary abnormality in this image?,contrast-induced nephropathy,normal,0.0,0.0,0.0018,0.0
val_01653,synpic59005.jpg,Abnormality,what is the primary abnormality in this image?,pilocytic astrocytoma,normal,0.0,0.0,0.0018,0.0
val_01654,synpic43576.jpg,Abnormality,what is most alarming about this x-ray?,hallux rigidus,hallux rigidus,1.0,1.0,1.0,1.0
val_01655,synpic33913.jpg,Abnormality,what abnormality is seen in the image?,adenomyosis,normal,0.0,0.0,0.005,0.0
val_01656,synpic23255.jpg,Abnormality,what is abnormal in the ct scan?,dermoid tumor (inclusion cyst) of cns,normal,0.0,0.0,0.0,0.0
val_01657,synpic21442.jpg,Abnormality,what is the primary abnormality in this image?,urinoma,urinoma,1.0,1.0,0.5,1.0
val_01658,synpic38885.jpg,Abnormality,what is most alarming about this ct scan?,neuroendocrine carcinoma of duodenum,normal,0.0,0.0,0.0002,0.0
val_01659,synpic17866.jpg,Abnormality,what is most alarming about this ct scan?,peritoneal metastasis,normal,0.0,0.0,0.0018,0.0
val_01660,synpic24512.jpg,Abnormality,what is the primary abnormality in this image?,metastatic carcinoma unknown primary,metastatic carcinoma unknown primary,1.0,1.0,1.0,1.0
val_01661,synpic24506.jpg,Abnormality,what abnormality is seen in the image?,developmental venous anomaly (venous angioma),normal,0.0,0.0,0.0001,0.0
val_01662,synpic39557.jpg,Abnormality,what is abnormal in the x-ray?,pulmonary hamartoma,normal,0.0,0.0,0.0018,0.0
val_01663,synpic33293.jpg,Abnormality,what is abnormal in the gastrointestinal image?,"malrotation, intestine","malrotation, intestine",1.0,1.0,1.0,1.0
val_01664,synpic13143.jpg,Abnormality,what is abnormal in the mri?,extraskeletal sarcoma,normal,0.0,0.0,0.0018,0.0
val_01665,synpic17319.jpg,Abnormality,what is most alarming about this ct scan?,gastropexy anchor appendiceal foreign body,normal,0.0,0.0,0.0001,0.0
val_01666,synpic33481.jpg,Abnormality,what is most alarming about this x-ray?,multiple pulmonary nodules,multiple pulmonary nodules,1.0,1.0,1.0,1.0
val_01667,synpic24857.jpg,Abnormality,what is the primary abnormality in this image?,silent sinus syndrome,normal,0.0,0.0,0.0007,0.0
val_01668,synpic37195.jpg,Abnormality,what is the primary abnormality in this image?,"transitional cell carcinoma, bladder",normal,0.0,0.0,0.0002,0.0
val_01669,synpic48796.jpg,Abnormality,what is most alarming about this ct scan?,pneumocystis jiroveci pneumonia,pneumocystis jiroveci pneumonia,1.0,1.0,1.0,1.0
val_01670,synpic47664.jpg,Abnormality,what is most alarming about this mri?,meningioma,normal,0.0,0.0,0.005,0.0
val_01671,synpic56027.jpg,Abnormality,what is most alarming about this ct scan?,cleidocranial dysostosis/dysplasia,normal,0.0,0.0,0.0007,0.0
val_01672,synpic42084.jpg,Abnormality,what is abnormal in the mri?,intracranial epidermoid tumor,intracranial epidermoid tumor,1.0,1.0,1.0,1.0
val_01673,synpic37433.jpg,Abnormality,what is abnormal in the mri?,oropharyngeal cancer,normal,0.0,0.0,0.0018,0.0
val_01674,synpic34853.jpg,Abnormality,what is the primary abnormality in this image?,"paradoxic embolization, patent foramen ovale, cerebral infarction",normal,0.0,0.0,0.0,0.0
val_01675,synpic32749.jpg,Abnormality,what is abnormal in the ct scan?,limbus vertebra,limbus vertebra,1.0,1.0,1.0,1.0
val_01676,synpic60966.jpg,Abnormality,what is most alarming about this x-ray?,solitary pulmonary nodule - calcified granuloma,normal,0.0,0.0,0.0001,0.0
val_01677,synpic25382.jpg,Abnormality,what is abnormal in the pet scan?,"non-hodgkin’s lymphoma, staging  stage i nhl",normal,0.0,0.0,0.0,0.0
val_01678,synpic39967.jpg,Abnormality,what is abnormal in the mri?,"large cell lymphoma, of the b-cell phenotype (cd20 positive)","large cell lymphoma, of the b-cell phenotype (cd20 positive)",1.0,1.0,1.0,1.0
val_01679,synpic27768.jpg,Abnormality,what is abnormal in the angiogram?,cryoplasty of femoropopliteal atherosclerotic disease,normal,0.0,0.0,0.0001,0.0
val_01680,synpic30200.jpg,Abnormality,what is the primary abnormality in this image?,epiglottitis,normal,0.0,0.0,0.005,0.0
val_01681,synpic31678.jpg,Abnormality,what is abnormal in the ct scan?,clay shoveler's fracture,clay shoveler's fracture,1.0,1.0,1.0,1.0
val_01682,synpic53994.jpg,Abnormality,what is abnormal in the ct scan?,brain death,normal,0.0,0.0,0.0018,0.0
val_01683,synpic49072.jpg,Abnormality,what is most alarming about this mri?,metastatic disease from colonic carcinoma,normal,0.0,0.0,0.0001,0.0
val_01684,synpic19651.jpg,Abnormality,what is the primary abnormality in this image?,tethered spinal cord with terminal spinal lipoma,tethered spinal cord with terminal spinal lipoma,1.0,1.0,1.0,1.0
val_01685,synpic53980.jpg,Abnormality,what abnormality is seen in the image?,left pica infarct,normal,0.0,0.0,0.0007,0.0
val_01686,synpic33084.jpg,Abnormality,what is abnormal in the ct scan?,bilateral wilms tumor,normal,0.0,0.0,0.0007,0.0
val_01687,synpic56608.jpg,Abnormality,what abnormality is seen in the image?,c-spine fracture,c-spine fracture,1.0,1.0,1.0,1.0
val_01688,synpic48422.jpg,Abnormality,what is most alarming about this mri?,hypoxic/ischemic encephalopathy,normal,0.0,0.0,0.0007,0.0
val_01689,synpic46419.jpg,Abnormality,what abnormality is seen in the image?,chloroma,normal,0.0,0.0,0.005,0.0
val_01690,synpic17124.jpg,Abnormality,what abnormality is seen in the image?,femoral neck insufficiency fracture,femoral neck insufficiency fracture,1.0,1.0,1.0,1.0
val_01691,synpic47049.jpg,Abnormality,what is most alarming about this ct scan?,hemangiomas of the liver,normal,0.0,0.0,0.0002,0.0
val_01692,synpic40915.jpg,Abnormality,what is abnormal in the mri?,intraventricular meningioma,normal,0.0,0.0,0.0018,0.0
val_01693,synpic51818.jpg,Abnormality,what is most alarming about this ct scan?,squamous cell carcinoma,squamous cell carcinoma,1.0,1.0,1.0,1.0
val_01694,synpic32401.jpg,Abnormality,what is most alarming about this x-ray?,pseudofracture of the cervical vertebral body,normal,0.0,0.0,0.0,0.0
val_01695,synpic34070.jpg,Abnormality,what abnormality is seen in the image?,adenocarcinoma of the gastroesophageal junction,normal,0.0,0.0,0.0001,0.0
val_01696,synpic55854.jpg,Abnormality,what is the primary abnormality in this image?,intracranial hypotension,intracranial hypotension,1.0,1.0,1.0,1.0
val_01697,synpic29237.jpg,Abnormality,what is abnormal in the x-ray?,anterior dislocation right shoulder,normal,0.0,0.0,0.0002,0.0
val_01698,synpic39193.jpg,Abnormality,what is most alarming about this mri?,femoral neck stress fractures,normal,0.0,0.0,0.0002,0.0
val_01699,synpic33455.jpg,Abnormality,what abnormality is seen in the image?,hemorrhagic cyst,hemorrhagic cyst,1.0,1.0,1.0,1.0
val_01700,synpic41564.jpg,Abnormality,what is the primary abnormality in this image?,cephalocele,normal,0.0,0.0,0.005,0.0
val_01701,synpic54169.jpg,Abnormality,what is abnormal in the mri?,dnet (dysembryoplastic neuroepithelial tumor),normal,0.0,0.0,0.0002,0.0
val_01702,synpic57312.jpg,Abnormality,what is abnormal in the ct scan?,osteogenesis imperfecta,osteogenesis imperfecta,1.0,1.0,1.0,1.0
val_01703,synpic54627.jpg,Abnormality,what is the primary abnormality in this image?,juvenile pilocytic astrocytoma,normal,0.0,0.0,0.0007,0.0
val_01704,synpic58790.jpg,Abnormality,what abnormality is seen in the image?,neuroblastoma,normal,0.0,0.0,0.005,0.0
val_01705,synpic58974.jpg,Abnormality,what is most alarming about this mri?,intravascular lymphomatosis,intravascular lymphomatosis,1.0,1.0,1.0,1.0
val_01706,synpic35568.jpg,Abnormality,what abnormality is seen in the image?,bilateral subacute (isodense) subdural hematomas,normal,0.0,0.0,0.0001,0.0
val_01707,synpic53835.jpg,Abnormality,what is abnormal in the mri?,coarctation of the aorta,normal,0.0,0.0,0.0002,0.0
val_01708,synpic47855.jpg,Abnormality,what abnormality is seen in the image?,"spine fracture, t4","spine fracture, t4",1.0,1.0,1.0,1.0
val_01709,synpic58008.jpg,Abnormality,what abnormality is seen in the image?,bilateral perched facets c5 c6 with spinal cord injury,normal,0.0,0.0,0.0,0.0
val_01710,synpic15120.jpg,Abnormality,what is the primary abnormality in this image?,"spine, angiolipoma",normal,0.0,0.0,0.0018,0.0
val_01711,synpic33695.jpg,Abnormality,what is abnormal in the x-ray?,femoral neck stress fractures,femoral neck stress fractures,1.0,1.0,1.0,1.0
val_01712,synpic100545.jpg,Abnormality,what abnormality is seen in the image?,atlanto-axial instability imaging and clinical affect,normal,0.0,0.0,0.0,0.0
val_01713,synpic58544.jpg,Abnormality,what abnormality is seen in the image?,motor vehicle accident and multiple sclerosis exacerbation,normal,0.0,0.0,0.0,0.0
val_01714,synpic32825.jpg,Abnormality,what is the primary abnormality in this image?,hirschsprung's disease,hirschsprung's disease,1.0,1.0,1.0,1.0
val_01715,synpic41613.jpg,Abnormality,what abnormality is seen in the image?,esophageal lipomatosis,normal,0.0,0.0,0.0018,0.0
val_01716,synpic39569.jpg,Abnormality,what abnormality is seen in the image?,spiral salter-harris ii fracture,normal,0.0,0.0,0.0002,0.0
val_01717,synpic24538.jpg,Abnormality,what is the primary abnormality in this image?,left ventricular aneurysm,left ventricular aneurysm,1.0,1.0,1.0,1.0
val_01718,synpic17121.jpg,Abnormality,what is abnormal in the x-ray?,"ductal carcinoma in situ (dcis), breast calcification on mammogram",normal,0.0,0.0,0.0,0.0
val_01719,synpic34061.jpg,Abnormality,what abnormality is seen in the image?,acute appendicitis,normal,0.0,0.0,0.0018,0.0
val_01720,synpic36110.jpg,Abnormality,what abnormality is seen in the image?,freiberg's infraction,freiberg's infraction,1.0,1.0,1.0,1.0
val_01721,synpic56814.jpg,Abnormality,what is most alarming about this mri?,medial meniscal tear and comminuted fibula fracture,normal,0.0,0.0,0.0,0.0
val_01722,synpic43955.jpg,Abnormality,what abnormality is seen in the image?,lipoma arborescens,normal,0.0,0.0,0.0018,0.0
val_01723,synpic54434.jpg,Abnormality,what is most alarming about this mri?,glioblastoma multiforme,glioblastoma multiforme,1.0,1.0,1.0,1.0
val_01724,synpic24879.jpg,Abnormality,what abnormality is seen in the image?,diverticulosis  and  diverticulitis,normal,0.0,0.0,0.0007,0.0
val_01725,synpic39828.jpg,Abnormality,what is abnormal in the mri?,chondrosarcoma,normal,0.0,0.0,0.005,0.0
val_01726,synpic48021.jpg,Abnormality,what abnormality is seen in the image?,glioblastoma multiforme,glioblastoma multiforme,1.0,1.0,1.0,1.0
val_01727,synpic49129.jpg,Abnormality,what is most alarming about this ct scan?,renal cell carcinoma,normal,0.0,0.0,0.0007,0.0
val_01728,synpic58742.jpg,Abnormality,what is abnormal in the ct scan?,brain meningioma,normal,0.0,0.0,0.0018,0.0
val_01729,synpic15871.jpg,Abnormality,what abnormality is seen in the image?,juvenile dermatomyositis,juvenile dermatomyositis,1.0,1.0,1.0,1.0
val_01730,synpic58965.jpg,Abnormality,what is most alarming about this mri?,cpa mass - meningioma,normal,0.0,0.0,0.0007,0.0
val_01731,synpic39357.jpg,Abnormality,what is the primary abnormality in this image?,myocardial infarction with ventricular aneurysm,normal,0.0,0.0,0.0001,0.0
val_01732,synpic60223.jpg,Abnormality,what is the primary abnormality in this image?,anaplastic ganglioglioma (who grade iii),anaplastic ganglioglioma (who grade iii),1.0,1.0,1.0,1.0
val_01733,synpic34841.jpg,Abnormality,what abnormality is seen in the image?,"primary bone neoplasm, chondro-osseous variants",normal,0.0,0.0,0.0001,0.0
val_01734,synpic21041.jpg,Abnormality,what is abnormal in the ct scan?,pericardial cyst,normal,0.0,0.0,0.0018,0.0
val_01735,synpic55071.jpg,Abnormality,what abnormality is seen in the image?,pituitary apoplexy,pituitary apoplexy,1.0,1.0,1.0,1.0
val_01736,synpic41825.jpg,Abnormality,what is the primary abnormality in this image?,medial collateral ligament injuries,normal,0.0,0.0,0.0002,0.0
val_01737,synpic55850.jpg,Abnormality,what is most alarming about this mri?,intracranial hypotension,normal,0.0,0.0,0.0018,0.0
val_01738,synpic34276.jpg,Abnormality,what is most alarming about this mri?,os odontoideum,os odontoideum,1.0,1.0,1.0,1.0
val_01739,synpic25384.jpg,Abnormality,what is the primary abnormality in this image?,schizencephaly,normal,0.0,0.0,0.005,0.0
val_01740,synpic43767.jpg,Abnormality,what is most alarming about this ct scan?,"brain, cerebral abscess",normal,0.0,0.0,0.0007,0.0
val_01741,synpic23252.jpg,Abnormality,what is most alarming about this ultrasound?,subchorionic hemorrhage,subchorionic hemorrhage,1.0,1.0,1.0,1.0
val_01742,synpic53789.jpg,Abnormality,what is the primary abnormality in this image?,glioblastoma multiforme,normal,0.0,0.0,0.0018,0.0
val_01743,synpic52468.jpg,Abnormality,what is most alarming about this mri?,sturge weber syndrome,normal,0.0,0.0,0.0007,0.0
val_01744,synpic42135.jpg,Abnormality,what is most alarming about this ct scan?,hereditary multiple exostoses,hereditary multiple exostoses,1.0,1.0,1.0,1.0
val_01745,synpic58184.jpg,Abnormality,what is abnormal in the mri?,intracranial venous thrombosis,normal,0.0,0.0,0.0007,0.0
val_01746,synpic48397.jpg,Abnormality,what is the primary abnormality in this image?,hemangioblastoma of cerebellum,normal,0.0,0.0,0.0007,0.0
val_01747,synpic45466.jpg,Abnormality,what is most alarming about this mri?,tricholemmoma,tricholemmoma,1.0,1.0,0.5,1.0
val_01748,synpic46966.jpg,Abnormality,what is abnormal in the x-ray?,intrinsic sclerotic bone dysplasia (likely osteopetrosis) with fracture,normal,0.0,0.0,0.0,0.0
val_01749,synpic39618.jpg,Abnormality,what is most alarming about this x-ray?,osteochondroma,normal,0.0,0.0,0.005,0.0
val_01750,synpic18359.jpg,Abnormality,what is abnormal in the mri?,plantar plate disruption,plantar plate disruption,1.0,1.0,1.0,1.0
val_01751,synpic56036.jpg,Abnormality,what is abnormal in the mri?,meningioma,normal,0.0,0.0,0.005,0.0
val_01752,synpic49116.jpg,Abnormality,what abnormality is seen in the image?,neuroblastoma,normal,0.0,0.0,0.005,0.0
val_01753,synpic53199.jpg,Abnormality,what is abnormal in the ct scan?,hypoxic/ischemic encephalopathy,hypoxic/ischemic encephalopathy,1.0,1.0,1.0,1.0
val_01754,synpic38739.jpg,Abnormality,what is most alarming about this ultrasound?,medullary nephrocalcinosis,normal,0.0,0.0,0.0018,0.0
val_01755,synpic17902.jpg,Abnormality,what abnormality is seen in the image?,metastatic melanoma,normal,0.0,0.0,0.0018,0.0
val_01756,synpic22952.jpg,Abnormality,what is most alarming about this ct scan?,ovarian torsion,ovarian torsion,1.0,1.0,1.0,1.0
val_01757,synpic16361.jpg,Abnormality,what abnormality is seen in the image?,slap lesion of the glenoid labrum,normal,0.0,0.0,0.0,0.0
val_01758,synpic19052.jpg,Abnormality,what abnormality is seen in the image?,transmesenteric internal hernia,normal,0.0,0.0,0.0007,0.0
val_01759,synpic27433.jpg,Abnormality,what is the primary abnormality in this image?,vesicoureteral reflux,vesicoureteral reflux,1.0,1.0,1.0,1.0
val_01760,synpic54393.jpg,Abnormality,what abnormality is seen in the image?,diffuse axonal injury,normal,0.0,0.0,0.0007,0.0
val_01761,synpic42268.jpg,Abnormality,what is the primary abnormality in this image?,ewing sarcoma,normal,0.0,0.0,0.0018,0.0
val_01762,synpic17527.jpg,Abnormality,what is abnormal in the x-ray?,sarcoidosis,sarcoidosis,1.0,1.0,0.5,1.0
val_01763,synpic43604.jpg,Abnormality,what is most alarming about this ultrasound?,hemorrhagic cysts,normal,0.0,0.0,0.0018,0.0
val_01764,synpic50917.jpg,Abnormality,what is most alarming about this mri?,"arachnoid cyst, sella",normal,0.0,0.0,0.0007,0.0
val_01765,synpic39751.jpg,Abnormality,what abnormality is seen in the image?,proximal focal femoral deficiency,proximal focal femoral deficiency,1.0,1.0,1.0,1.0
val_01766,synpic21687.jpg,Abnormality,what abnormality is seen in the image?,subclavian central venous catheter fracture and embolization,normal,0.0,0.0,0.0,0.0
val_01767,synpic35180.jpg,Abnormality,what is most alarming about this ct scan?,wilms tumor,normal,0.0,0.0,0.0018,0.0
val_01768,synpic18012.jpg,Abnormality,what is the primary abnormality in this image?,hypothalamic hamartoma,hypothalamic hamartoma,1.0,1.0,1.0,1.0
val_01769,synpic16765.jpg,Abnormality,what is abnormal in the x-ray?,cppd (pseudogout),normal,0.0,0.0,0.0018,0.0
val_01770,synpic19640.jpg,Abnormality,what abnormality is seen in the image?,superior vena cava obstruction,normal,0.0,0.0,0.0002,0.0
val_01771,synpic54017.jpg,Abnormality,what abnormality is seen in the image?,frontal sinus mucocele,frontal sinus mucocele,1.0,1.0,1.0,1.0
val_01772,synpic33926.jpg,Abnormality,what abnormality is seen in the image?,horseshoe kidney,normal,0.0,0.0,0.0018,0.0
val_01773,synpic59241.jpg,Abnormality,what is the primary abnormality in this image?,potts puffy tumor,normal,0.0,0.0,0.0007,0.0
val_01774,synpic44990.jpg,Abnormality,what abnormality is seen in the image?,solitary fibrous tumor in the cervical spine,solitary fibrous tumor in the cervical spine,1.0,1.0,1.0,1.0
val_01775,synpic28094.jpg,Abnormality,is there an abnormality in the x-ray?,yes,normal,0.0,0.0,0.005,0.0
val_01776,synpic35947.jpg,Abnormality,what is abnormal in the mri?,schwannoma,normal,0.0,0.0,0.005,0.0
val_01777,synpic41793.jpg,Abnormality,what is abnormal in the mri?,"right vertebral artery dissection, lateral medullary syndrome (wallenberg syndrome)","right vertebral artery dissection, lateral medullary syndrome (wallenberg syndrome)",1.0,1.0,1.0,1.0
val_01778,synpic43423.jpg,Abnormality,what is abnormal in the mri?,partial avulsion of the patella tendon,normal,0.0,0.0,0.0,0.0
val_01779,synpic16378.jpg,Abnormality,what is abnormal in the ct scan?,osseous hemangioma,normal,0.0,0.0,0.0018,0.0
val_01780,synpic33107.jpg,Abnormality,what is the primary abnormality in this image?,epidermoid cyst,epidermoid cyst,1.0,1.0,1.0,1.0
val_01781,synpic47877.jpg,Abnormality,what is the primary abnormality in this image?,cavernous  hemangioma and convexity meningioma,normal,0.0,0.0,0.0001,0.0
val_01782,synpic22547.jpg,Abnormality,what abnormality is seen in the image?,shattered kidney,normal,0.0,0.0,0.0018,0.0
val_01783,synpic33489.jpg,Abnormality,what is most alarming about this ct scan?,diverticulitis,diverticulitis,1.0,1.0,0.5,1.0
val_01784,synpic20393.jpg,Abnormality,what abnormality is seen in the image?,melorheostosis,normal,0.0,0.0,0.005,0.0
val_01785,synpic50674.jpg,Abnormality,what is the primary abnormality in this image?,epidural spinal hematoma,normal,0.0,0.0,0.0007,0.0
val_01786,synpic46002.jpg,Abnormality,what abnormality is seen in the image?,pulmonary artery pseudaneurysm,pulmonary artery pseudaneurysm,1.0,1.0,1.0,1.0
val_01787,synpic41751.jpg,Abnormality,what is the primary abnormality in this image?,spinal dural arteriovenous fistula,normal,0.0,0.0,0.0002,0.0
val_01788,synpic21890.jpg,Abnormality,what is the primary abnormality in this image?,primary sclerosing cholangitis,normal,0.0,0.0,0.0007,0.0
val_01789,synpic9384.jpg,Abnormality,what is the primary abnormality in this image?,aortic dissection,aortic dissection,1.0,1.0,1.0,1.0
val_01790,synpic31315.jpg,Abnormality,what abnormality is seen in the image?,bilateral axillary lymphadenopathy,normal,0.0,0.0,0.0007,0.0
val_01791,synpic38331.jpg,Abnormality,what abnormality is seen in the image?,"spinal ""phytes""",normal,0.0,0.0,0.0018,0.0
val_01792,synpic25374.jpg,Abnormality,what is the primary abnormality in this image?,"hemochromatosis, hepatocellular carcinoma, hcc","hemochromatosis, hepatocellular carcinoma, hcc",1.0,1.0,1.0,1.0
val_01793,synpic54214.jpg,Abnormality,what abnormality is seen in the image?,"spondylolisthesis, bilateral pars fracture",normal,0.0,0.0,0.0002,0.0
val_01794,synpic56615.jpg,Abnormality,is there an abnormality in the ct scan?,yes,normal,0.0,0.0,0.005,0.0
val_01795,synpic37599.jpg,Abnormality,what is abnormal in the mri?,venous malformation,venous malformation,1.0,1.0,1.0,1.0
val_01796,synpic55308.jpg,Abnormality,what is most alarming about this ct scan?,cirrhosis,normal,0.0,0.0,0.005,0.0
val_01797,synpic45133.jpg,Abnormality,what is abnormal in the ct scan?,ruptured appendicitis,normal,0.0,0.0,0.0018,0.0
val_01798,synpic54994.jpg,Abnormality,what abnormality is seen in the image?,nonketotic hyperglycemic hemichorea hemiballismus,nonketotic hyperglycemic hemichorea hemiballismus,1.0,1.0,1.0,1.0
val_01799,synpic41341.jpg,Abnormality,what abnormality is seen in the image?,choanal atresia and congenital nasal airway obstruction,normal,0.0,0.0,0.0,0.0
val_01800,synpic54766.jpg,Abnormality,what is abnormal in the mri?,olfactory neuroblastoma (esthesioneuroblastoma),normal,0.0,0.0,0.0007,0.0
val_01801,synpic22196.jpg,Abnormality,what abnormality is seen in the image?,"renal tubular acidosis, medullary nephrocalcinosis","renal tubular acidosis, medullary nephrocalcinosis",1.0,1.0,1.0,1.0
val_01802,synpic29772.jpg,Abnormality,what is abnormal in the x-ray?,osteomyelitis,normal,0.0,0.0,0.005,0.0
val_01803,synpic18008.jpg,Abnormality,what is most alarming about this x-ray?,slipped capital femoral epiphysis,normal,0.0,0.0,0.0002,0.0
val_01804,synpic30800.jpg,Abnormality,what is most alarming about this mri?,bicuspid aortic valve with aortic stenosis and aortic dilatation,bicuspid aortic valve with aortic stenosis and aortic dilatation,1.0,1.0,1.0,1.0
val_01805,synpic41960.jpg,Abnormality,what is the primary abnormality in this image?,superior mesenteric artery syndrome,normal,0.0,0.0,0.0002,0.0
val_01806,synpic28295.jpg,Abnormality,what abnormality is seen in the image?,mucocele,normal,0.0,0.0,0.005,0.0
val_01807,synpic24487.jpg,Abnormality,what is abnormal in the angiogram?,dural av fistulae,dural av fistulae,1.0,1.0,1.0,1.0
val_01808,synpic20187.jpg,Abnormality,what is most alarming about this angiogram?,gunther tulip retrievable vena cava filter,normal,0.0,0.0,0.0,0.0
val_01809,synpic26246.jpg,Abnormality,what is abnormal in the mri?,adult medulloblastoma,normal,0.0,0.0,0.0018,0.0
val_01810,synpic16352.jpg,Abnormality,what abnormality is seen in the image?,"superior mesenteric artery dissection, isolated","superior mesenteric artery dissection, isolated",1.0,1.0,1.0,1.0
val_01811,synpic59337.jpg,Abnormality,what abnormality is seen in the image?,"sequestration, intralobar bronchopulmonary",normal,0.0,0.0,0.0007,0.0
val_01812,synpic48212.jpg,Abnormality,what is abnormal in the x-ray?,pcp pneumonia (pneumocystis jiroveci pneumonia),normal,0.0,0.0,0.0001,0.0
val_01813,synpic57871.jpg,Abnormality,what is most alarming about this angiogram?,"dural  fistula, avf","dural  fistula, avf",1.0,1.0,1.0,1.0
val_01814,synpic34454.jpg,Abnormality,what abnormality is seen in the image?,cricopharyngeal bar,normal,0.0,0.0,0.0018,0.0
val_01815,synpic17299.jpg,Abnormality,what is most alarming about this angiogram?,arteriovenous fistula,normal,0.0,0.0,0.0018,0.0
val_01816,synpic28733.jpg,Abnormality,what is the primary abnormality in this image?,non-small cell carcinoma,non-small cell carcinoma,1.0,1.0,1.0,1.0
val_01817,synpic55727.jpg,Abnormality,what abnormality is seen in the image?,vestibular schwannoma,normal,0.0,0.0,0.0018,0.0
val_01818,synpic45246.jpg,Abnormality,what is most alarming about this ct scan?,fine needle aspiration of lung lesions,normal,0.0,0.0,0.0,0.0
val_01819,synpic57642.jpg,Abnormality,what is most alarming about this ct scan?,meningioma,meningioma,1.0,1.0,0.5,1.0
val_01820,synpic60171.jpg,Abnormality,what abnormality is seen in the image?,subdural empyema secondary to sinusitis in an adolescent,normal,0.0,0.0,0.0,0.0
val_01821,synpic29565.jpg,Abnormality,what is most alarming about this x-ray?,adenocarcinoma of the lung,normal,0.0,0.0,0.0002,0.0
val_01822,synpic19303.jpg,Abnormality,what is most alarming about this mammograph?,circumscribed masses in the breast,circumscribed masses in the breast,1.0,1.0,1.0,1.0
val_01823,synpic51353.jpg,Abnormality,what is most alarming about this mri?,"oligodendroglioma, profile and who grade",normal,0.0,0.0,0.0001,0.0
val_01824,synpic26332.jpg,Abnormality,what is abnormal in the ct scan?,"liver metastases from breast cancer.  (path) malignant cells derived from adenocarcinoma, favoring metastatic breast carcinoma",normal,0.0,0.0,0.0,0.0
val_01825,synpic53785.jpg,Abnormality,what is the primary abnormality in this image?,glioblastoma multiforme,glioblastoma multiforme,1.0,1.0,1.0,1.0
val_01826,synpic53024.jpg,Abnormality,what is abnormal in the ct scan?,acute epidural hematoma,normal,0.0,0.0,0.0007,0.0
val_01827,synpic45861.jpg,Abnormality,what abnormality is seen in the image?,gallstone pancreatitis,normal,0.0,0.0,0.0018,0.0
val_01828,synpic31104.jpg,Abnormality,what abnormality is seen in the image?,aspergillosis and the air-crescent sign,aspergillosis and the air-crescent sign,1.0,1.0,1.0,1.0
val_01829,synpic49242.jpg,Abnormality,what is abnormal in the mri?,"pleomorphic  xanthoastrocytoma, pxa",normal,0.0,0.0,0.0007,0.0
val_01830,synpic41636.jpg,Abnormality,what is the primary abnormality in this image?,oral antral fistula,normal,0.0,0.0,0.0007,0.0
val_01831,synpic58401.jpg,Abnormality,what is most alarming about this angiogram?,traumatic carotid-cavernous fistula,traumatic carotid-cavernous fistula,1.0,1.0,1.0,1.0
val_01832,synpic51357.jpg,Abnormality,what is abnormal in the mri?,glioblastoma multiforme (who grade 4 astrocytoma),normal,0.0,0.0,0.0,0.0
val_01833,synpic44955.jpg,Abnormality,what is the primary abnormality in this image?,atypical teratoid/rhabdoid tumor,normal,0.0,0.0,0.0002,0.0
val_01834,synpic23070.jpg,Abnormality,what is the primary abnormality in this image?,insulinoma,insulinoma,1.0,1.0,0.5,1.0
val_01835,synpic47469.jpg,Abnormality,what is abnormal in the ct scan?,chiari malformation,normal,0.0,0.0,0.0018,0.0
val_01836,synpic19529.jpg,Abnormality,what is the primary abnormality in this image?,histoplasmosis,normal,0.0,0.0,0.005,0.0
val_01837,synpic46993.jpg,Abnormality,what is most alarming about this mri?,chronic lymphocytic leukemia (cll),chronic lymphocytic leukemia (cll),1.0,1.0,1.0,1.0
val_01838,synpic28051.jpg,Abnormality,what abnormality is seen in the image?,mondini syndrome,normal,0.0,0.0,0.0018,0.0
val_01839,synpic58993.jpg,Abnormality,what is the primary abnormality in this image?,arachnoid cyst,normal,0.0,0.0,0.0018,0.0
val_01840,synpic43431.jpg,Abnormality,is there an abnormality in the x-ray?,yes,yes,1.0,1.0,0.5,1.0
val_01841,synpic20814.jpg,Abnormality,what is most alarming about this mammograph?,breast oil cyst,normal,0.0,0.0,0.0007,0.0
val_01842,synpic46549.jpg,Abnormality,what is abnormal in the gastrointestinal image?,jejunal atresia (proximal),normal,0.0,0.0,0.0007,0.0
val_01843,synpic54830.jpg,Abnormality,what abnormality is seen in the image?,femoroacetabular impingement (fai),femoroacetabular impingement (fai),1.0,1.0,1.0,1.0
val_01844,synpic40845.jpg,Abnormality,what is most alarming about this mri?,meningioma,normal,0.0,0.0,0.005,0.0
val_01845,synpic35203.jpg,Abnormality,what abnormality is seen in the image?,"neurocytoma, central neurocytoma",normal,0.0,0.0,0.0007,0.0
val_01846,synpic58951.jpg,Abnormality,what is the primary abnormality in this image?,carotid cavernous fistula,carotid cavernous fistula,1.0,1.0,1.0,1.0
val_01847,synpic51752.jpg,Abnormality,what is abnormal in the ultrasound?,hydrocephalus secondary to intraventricular hemorrhage.  periventricular leukomalacia,normal,0.0,0.0,0.0,0.0
val_01848,synpic19716.jpg,Abnormality,what is abnormal in the mri?,neurocysticercosis,normal,0.0,0.0,0.005,0.0
val_01849,synpic56001.jpg,Abnormality,what abnormality is seen in the image?,giant aneurysm,giant aneurysm,1.0,1.0,1.0,1.0
val_01850,synpic55508.jpg,Abnormality,what is abnormal in the ct scan?,laryngeal lipoma,normal,0.0,0.0,0.0018,0.0
val_01851,synpic32746.jpg,Abnormality,what is abnormal in the x-ray?,unicameral bone cyst with associated pathological fracture,normal,0.0,0.0,0.0,0.0
val_01852,synpic52918.jpg,Abnormality,what abnormality is seen in the image?,"pseudotumor  cerebri (""benign"" idiopathic intracranial hypertension)","pseudotumor  cerebri (""benign"" idiopathic intracranial hypertension)",1.0,1.0,1.0,1.0
val_01853,synpic21672.jpg,Abnormality,what is most alarming about this ultrasound?,cholangiocarcinoma,normal,0.0,0.0,0.005,0.0
val_01854,synpic51395.jpg,Abnormality,what abnormality is seen in the image?,cerebellar infarction in sca distribution,normal,0.0,0.0,0.0001,0.0
val_01855,synpic27571.jpg,Abnormality,what is most alarming about this ct scan?,osteochondritis dissecans,osteochondritis dissecans,1.0,1.0,1.0,1.0
val_01856,synpic50921.jpg,Abnormality,what is most alarming about this mri?,"arachnoid cyst, sella",normal,0.0,0.0,0.0007,0.0
val_01857,synpic53596.jpg,Abnormality,what is the primary abnormality in this image?,marfan syndrome,normal,0.0,0.0,0.0018,0.0
val_01858,synpic32632.jpg,Abnormality,what is abnormal in the x-ray?,avascular necrosis,avascular necrosis,1.0,1.0,1.0,1.0
val_01859,synpic59939.jpg,Abnormality,what is abnormal in the mri?,posterior inferior cerebellar artery infarct,normal,0.0,0.0,0.0001,0.0
val_01860,synpic22390.jpg,Abnormality,what abnormality is seen in the image?,primary lymphoma of bone,normal,0.0,0.0,0.0002,0.0
val_01861,synpic28454.jpg,Abnormality,what is the primary abnormality in this image?,cavernous hemangioma,cavernous hemangioma,1.0,1.0,1.0,1.0
val_01862,synpic40703.jpg,Abnormality,what is most alarming about this mri?,dermoid tumor (inclusion cyst) of cns,normal,0.0,0.0,0.0,0.0
val_01863,synpic38876.jpg,Abnormality,what abnormality is seen in the image?,multiple sclerosis,normal,0.0,0.0,0.0018,0.0
val_01864,synpic15700.jpg,Abnormality,what abnormality is seen in the image?,takayasu arteritis,takayasu arteritis,1.0,1.0,1.0,1.0
val_01865,synpic21328.jpg,Abnormality,what is the primary abnormality in this image?,"spine, epidural abscess",normal,0.0,0.0,0.0007,0.0
val_01866,synpic44995.jpg,Abnormality,what is most alarming about this mri?,posterior reversible encephalopathy syndrome (pres),normal,0.0,0.0,0.0001,0.0
val_01867,synpic48836.jpg,Abnormality,what abnormality is seen in the image?,situs ambiguous (heterotaxy),situs ambiguous (heterotaxy),1.0,1.0,1.0,1.0
val_01868,synpic26651.jpg,Abnormality,what is the primary abnormality in this image?,artificial cardiac valves,normal,0.0,0.0,0.0007,0.0
val_01869,synpic57862.jpg,Abnormality,what abnormality is seen in the image?,"dural  fistula, avf",normal,0.0,0.0,0.0007,0.0
val_01870,synpic43817.jpg,Abnormality,what is most alarming about this mri?,anterior cruciate ligament tear,anterior cruciate ligament tear,1.0,1.0,1.0,1.0
val_01871,synpic24495.jpg,Abnormality,what is abnormal in the x-ray?,hodgkin's lymphoma,normal,0.0,0.0,0.0018,0.0
val_01872,synpic22755.jpg,Abnormality,what is the primary abnormality in this image?,arachnoid cyst,normal,0.0,0.0,0.0018,0.0
val_01873,synpic34123.jpg,Abnormality,what is most alarming about this ct scan?,transitional cell carcinoma,transitional cell carcinoma,1.0,1.0,1.0,1.0
val_01874,synpic22741.jpg,Abnormality,what is abnormal in the mri?,l5-s1 extruded disk fragment,normal,0.0,0.0,0.0002,0.0
val_01875,synpic33102.jpg,Abnormality,what is most alarming about this x-ray?,hydropneumothorax,normal,0.0,0.0,0.005,0.0
val_01876,synpic47683.jpg,Abnormality,what is the primary abnormality in this image?,lingual thyroid,lingual thyroid,1.0,1.0,1.0,1.0
val_01877,synpic19933.jpg,Abnormality,what is most alarming about this ct scan?,pulmonary arteriovenous malformation,normal,0.0,0.0,0.0007,0.0
val_01878,synpic53152.jpg,Abnormality,what is the primary abnormality in this image?,rathke's cleft cyst,normal,0.0,0.0,0.0007,0.0
val_01879,synpic40660.jpg,Abnormality,what is the primary abnormality in this image?,"astrocytoma, low-grade (who 2), supratentorial","astrocytoma, low-grade (who 2), supratentorial",1.0,1.0,1.0,1.0
val_01880,synpic31933.jpg,Abnormality,what is most alarming about this ct scan?,shaken baby syndrome,normal,0.0,0.0,0.0007,0.0
val_01881,synpic24899.jpg,Abnormality,what is abnormal in the x-ray?,high velocity rifle injury,normal,0.0,0.0,0.0002,0.0
val_01882,synpic55682.jpg,Abnormality,what abnormality is seen in the image?,depressed  skull  fractures,depressed  skull  fractures,1.0,1.0,1.0,1.0
val_01883,synpic53581.jpg,Abnormality,what is the primary abnormality in this image?,fat embolism with cerebral infarction,normal,0.0,0.0,0.0001,0.0
val_01884,synpic11771.jpg,Abnormality,what is most alarming about this ct scan?,"subependymoma, lateral ventricle",normal,0.0,0.0,0.0007,0.0
val_01885,synpic31884.jpg,Abnormality,what is the primary abnormality in this image?,appendicitis,appendicitis,1.0,1.0,0.5,1.0
val_01886,synpic17664.jpg,Abnormality,what is most alarming about this x-ray?,"constrictive pericarditis, calcified pericardium",normal,0.0,0.0,0.0002,0.0
val_01887,synpic36696.jpg,Abnormality,what is the primary abnormality in this image?,inguinal hernia involving bladder,normal,0.0,0.0,0.0002,0.0
val_01888,synpic53727.jpg,Abnormality,what is most alarming about this ct scan?,rheumatic valve disease,rheumatic valve disease,1.0,1.0,1.0,1.0
val_01889,synpic42170.jpg,Abnormality,what abnormality is seen in the image?,epiploic appendigitis,normal,0.0,0.0,0.0018,0.0
val_01890,synpic34794.jpg,Abnormality,what is most alarming about this mri?,"dural metastases, prostate cancer",normal,0.0,0.0,0.0002,0.0
val_01891,synpic49970.jpg,Abnormality,what is the primary abnormality in this image?,necrotizing pancreatitis,necrotizing pancreatitis,1.0,1.0,1.0,1.0
val_01892,synpic47975.jpg,Abnormality,what abnormality is seen in the image?,colon cancer,normal,0.0,0.0,0.0018,0.0
val_01893,synpic40559.jpg,Abnormality,what is the primary abnormality in this image?,ganglioneuroma,normal,0.0,0.0,0.005,0.0
val_01894,synpic57757.jpg,Abnormality,what abnormality is seen in the image?,fibro osseous lesions of the face and sinuses,fibro osseous lesions of the face and sinuses,1.0,1.0,1.0,1.0
val_01895,synpic21602.jpg,Abnormality,what is abnormal in the x-ray?,salter harris fracture type 1,normal,0.0,0.0,0.0001,0.0
val_01896,synpic47342.jpg,Abnormality,what is abnormal in the mri?,arachnoid cyst,normal,0.0,0.0,0.0018,0.0
val_01897,synpic16119.jpg,Abnormality,what abnormality is seen in the image?,infected thyroglossal duct cyst,infected thyroglossal duct cyst,1.0,1.0,1.0,1.0
val_01898,synpic48065.jpg,Abnormality,what is the primary abnormality in this image?,"avm, arterio-venous malformation, vascular malformation",normal,0.0,0.0,0.0001,0.0
val_01899,synpic51285.jpg,Abnormality,what is most alarming about this mri?,"brain, cerebral abscess",normal,0.0,0.0,0.0007,0.0
val_01900,synpic36236.jpg,Abnormality,what is most alarming about this x-ray?,double aortic arch,double aortic arch,1.0,1.0,1.0,1.0
val_01901,synpic28587.jpg,Abnormality,what is the primary abnormality in this image?,graves disease,normal,0.0,0.0,0.0018,0.0
val_01902,synpic50366.jpg,Abnormality,what is the primary abnormality in this image?,amyloidosis,normal,0.0,0.0,0.005,0.0
val_01903,synpic28544.jpg,Abnormality,what is abnormal in the gastrointestinal image?,hiatal hernia,hiatal hernia,1.0,1.0,1.0,1.0
val_01904,synpic37470.jpg,Abnormality,what is the primary abnormality in this image?,dieulafoy's lesion:  an angiographic finding of a gastric avm,normal,0.0,0.0,0.0,0.0
val_01905,synpic38742.jpg,Abnormality,what is the primary abnormality in this image?,medullary nephrocalcinosis,normal,0.0,0.0,0.0018,0.0
val_01906,synpic42788.jpg,Abnormality,what abnormality is seen in the image?,"cystic meningioma, atypical","cystic meningioma, atypical",1.0,1.0,1.0,1.0
val_01907,synpic43455.jpg,Abnormality,what is abnormal in the x-ray?,poorly differentiated non-small cell lung carcinoma,normal,0.0,0.0,0.0,0.0
val_01908,synpic55545.jpg,Abnormality,what is the primary abnormality in this image?,carbon monoxide poisoning,normal,0.0,0.0,0.0007,0.0
val_01909,synpic38795.jpg,Abnormality,what is abnormal in the mri?,dysembryoplastic neuroepithelial tumor,dysembryoplastic neuroepithelial tumor,1.0,1.0,1.0,1.0
val_01910,synpic60065.jpg,Abnormality,what is the primary abnormality in this image?,osteoid osteoma,normal,0.0,0.0,0.0018,0.0
val_01911,synpic18848.jpg,Abnormality,what abnormality is seen in the image?,ileal atresia,normal,0.0,0.0,0.0018,0.0
val_01912,synpic49352.jpg,Abnormality,what is most alarming about this ct scan?,"gastrointestinal bleed, lower gi tract","gastrointestinal bleed, lower gi tract",1.0,1.0,1.0,1.0
val_01913,synpic23766.jpg,Abnormality,what is most alarming about this mri?,moyamoya,normal,0.0,0.0,0.005,0.0
val_01914,synpic50039.jpg,Abnormality,what abnormality is seen in the image?,epidural spinal hematoma,normal,0.0,0.0,0.0007,0.0
val_01915,synpic40000.jpg,Abnormality,what is abnormal in the mri?,rathke cleft cyst,rathke cleft cyst,1.0,1.0,1.0,1.0
val_01916,synpic54713.jpg,Abnormality,what is most alarming about this ultrasound?,papillary carcinoma of the thyroid,normal,0.0,0.0,0.0001,0.0
val_01917,synpic45150.jpg,Abnormality,what abnormality is seen in the image?,meningioma,normal,0.0,0.0,0.005,0.0
val_01918,synpic47023.jpg,Abnormality,what is abnormal in the mri?,non-hodgkin's lymphoma - b-cell lymphoma,non-hodgkin's lymphoma - b-cell lymphoma,1.0,1.0,1.0,1.0
val_01919,synpic53042.jpg,Abnormality,what abnormality is seen in the image?,pituitary apoplexy,normal,0.0,0.0,0.0018,0.0
val_01920,synpic47751.jpg,Abnormality,what is the primary abnormality in this image?,arteriovenous malformation,normal,0.0,0.0,0.0018,0.0
val_01921,synpic57218.jpg,Abnormality,what is the primary abnormality in this image?,chondromalacia patella in the presence of meniscal tear,chondromalacia patella in the presence of meniscal tear,1.0,1.0,1.0,1.0
val_01922,synpic30532.jpg,Abnormality,what is abnormal in the x-ray?,complete paraplegia secondary to cord transection and l1 vertebral body puncture from gun shot wound,normal,0.0,0.0,0.0,0.0
val_01923,synpic22136.jpg,Abnormality,what abnormality is seen in the image?,“secondary” finding of breast carcinoma,normal,0.0,0.0,0.0001,0.0
val_01924,synpic24235.jpg,Abnormality,what is abnormal in the ultrasound?,ectopic pregnancy,ectopic pregnancy,1.0,1.0,1.0,1.0
val_01925,synpic48112.jpg,Abnormality,what is most alarming about this mri?,serous cystadenoma,normal,0.0,0.0,0.0018,0.0
val_01926,synpic14645.jpg,Abnormality,what is most alarming about this mri?,clear cell chondrosarcoma,normal,0.0,0.0,0.0007,0.0
val_01927,synpic58329.jpg,Abnormality,what abnormality is seen in the image?,"avm, arterio-venous malformation, vascular malformation","avm, arterio-venous malformation, vascular malformation",1.0,1.0,1.0,1.0
val_01928,synpic50775.jpg,Abnormality,what is most alarming about this mri?,"spine, epidural abscess",normal,0.0,0.0,0.0007,0.0
val_01929,synpic18902.jpg,Abnormality,what abnormality is seen in the image?,paget disease of bone,normal,0.0,0.0,0.0002,0.0
val_01930,synpic35648.jpg,Abnormality,what is the primary abnormality in this image?,peripheral vascular disease s/p atherectomy,peripheral vascular disease s/p atherectomy,1.0,1.0,1.0,1.0
val_01931,synpic26620.jpg,Abnormality,what is most alarming about this angiogram?,microcoil embolization of a lower gastrointestinal bleed,normal,0.0,0.0,0.0,0.0
val_01932,synpic48066.jpg,Abnormality,what is the primary abnormality in this image?,"avm, arterio-venous malformation, vascular malformation",normal,0.0,0.0,0.0001,0.0
val_01933,synpic39853.jpg,Abnormality,what is abnormal in the ct scan?,acute appendicitis,acute appendicitis,1.0,1.0,1.0,1.0
val_01934,synpic27338.jpg,Abnormality,what is most alarming about this mri?,ewing's sarcoma,normal,0.0,0.0,0.0018,0.0
val_01935,synpic37881.jpg,Abnormality,what is abnormal in the mri?,spinal cord astrocytoma,normal,0.0,0.0,0.0007,0.0
val_01936,synpic33629.jpg,Abnormality,what is abnormal in the mri?,"fat embolism, brain","fat embolism, brain",1.0,1.0,1.0,1.0
val_01937,synpic53877.jpg,Abnormality,what abnormality is seen in the image?,giant tumefactive perivascular spaces,normal,0.0,0.0,0.0002,0.0
val_01938,synpic39463.jpg,Abnormality,what is most alarming about this mri?,hsv encephalitis,normal,0.0,0.0,0.0018,0.0
val_01939,synpic43481.jpg,Abnormality,what abnormality is seen in the image?,cleft lip,cleft lip,1.0,1.0,1.0,1.0
val_01940,synpic32126.jpg,Abnormality,what abnormality is seen in the image?,endograft leak,normal,0.0,0.0,0.0018,0.0
val_01941,synpic44926.jpg,Abnormality,what abnormality is seen in the image?,calcific tendinitis,normal,0.0,0.0,0.0018,0.0
val_01942,synpic58300.jpg,Abnormality,what is the primary abnormality in this image?,synovial cyst,synovial cyst,1.0,1.0,1.0,1.0
val_01943,synpic25880.jpg,Abnormality,what abnormality is seen in the image?,hiatal hernia,normal,0.0,0.0,0.0018,0.0
val_01944,synpic16292.jpg,Abnormality,what is most alarming about this mri?,"subependymoma, fourth ventricle",normal,0.0,0.0,0.0007,0.0
val_01945,synpic51136.jpg,Abnormality,what is abnormal in the ct scan?,penetrating diaphragm injury after trauma,penetrating diaphragm injury after trauma,1.0,1.0,1.0,1.0
val_01946,synpic49209.jpg,Abnormality,what is abnormal in the x-ray?,lipohemarthrosis,normal,0.0,0.0,0.005,0.0
val_01947,synpic55813.jpg,Abnormality,what abnormality is seen in the image?,meningioma,normal,0.0,0.0,0.005,0.0
val_01948,synpic46847.jpg,Abnormality,what abnormality is seen in the image?,meningioma,meningioma,1.0,1.0,0.5,1.0
val_01949,synpic45382.jpg,Abnormality,what abnormality is seen in the image?,sarcoidosis,normal,0.0,0.0,0.005,0.0
val_01950,synpic55026.jpg,Abnormality,what is most alarming about this mri?,fibrous dysplasia,normal,0.0,0.0,0.0018,0.0
val_01951,synpic21980.jpg,Abnormality,what is most alarming about this x-ray?,hydropneumothorax,hydropneumothorax,1.0,1.0,0.5,1.0
val_01952,synpic48249.jpg,Abnormality,what is the primary abnormality in this image?,leptomeningeal carcinomatosis,normal,0.0,0.0,0.0018,0.0
val_01953,synpic54648.jpg,Abnormality,what is the primary abnormality in this image?,"common carotid occlusion, collateral reconstitution of ipsilateral ica from vertebral artery muscular branches",normal,0.0,0.0,0.0,0.0
val_01954,synpic16484.jpg,Abnormality,what is most alarming about this mammograph?,intramammary lymph node,intramammary lymph node,1.0,1.0,1.0,1.0
val_01955,synpic43447.jpg,Abnormality,what is most alarming about this ct scan?,rectovaginal fistula,normal,0.0,0.0,0.0018,0.0
val_01956,synpic54675.jpg,Abnormality,what abnormality is seen in the image?,radiation necrosis,normal,0.0,0.0,0.0018,0.0
val_01957,synpic29463.jpg,Abnormality,what is most alarming about this mri?,developmental venous anomaly,developmental venous anomaly,1.0,1.0,1.0,1.0
val_01958,synpic47351.jpg,Abnormality,what is abnormal in the ct scan?,renal cell carcinoma,normal,0.0,0.0,0.0007,0.0
val_01959,synpic17228.jpg,Abnormality,what abnormality is seen in the image?,tennis leg,normal,0.0,0.0,0.0018,0.0
val_01960,synpic51490.jpg,Abnormality,what is most alarming about this ct scan?,foregut cyst,foregut cyst,1.0,1.0,1.0,1.0
val_01961,synpic35880.jpg,Abnormality,what is abnormal in the mri?,juvenile pilocytic astrocytoma,normal,0.0,0.0,0.0007,0.0
val_01962,synpic34552.jpg,Abnormality,what abnormality is seen in the image?,arteriovenous malformation (avm),normal,0.0,0.0,0.0007,0.0
val_01963,synpic52166.jpg,Abnormality,what is the primary abnormality in this image?,musculoskeletal differential diagnosis,musculoskeletal differential diagnosis,1.0,1.0,1.0,1.0
val_01964,synpic21188.jpg,Abnormality,what is abnormal in the x-ray?,jefferson fracture c1,normal,0.0,0.0,0.0007,0.0
val_01965,synpic57585.jpg,Abnormality,what abnormality is seen in the image?,opll - ossification of the posterior longitudinal ligament,normal,0.0,0.0,0.0,0.0
val_01966,synpic40947.jpg,Abnormality,what is the primary abnormality in this image?,cns prenchymal metastasis,cns prenchymal metastasis,1.0,1.0,1.0,1.0
val_01967,synpic29098.jpg,Abnormality,what is the primary abnormality in this image?,infiltrating ductal carcinoma,normal,0.0,0.0,0.0007,0.0
val_01968,synpic44506.jpg,Abnormality,what is abnormal in the mri?,dandy-walker malformation,normal,0.0,0.0,0.0018,0.0
val_01969,synpic52364.jpg,Abnormality,what is abnormal in the ct scan?,cerebral aneurysm,cerebral aneurysm,1.0,1.0,1.0,1.0
val_01970,synpic57208.jpg,Abnormality,what is most alarming about this ct scan?,glioblastoma multiforme (who grade 4 astrocytoma),normal,0.0,0.0,0.0,0.0
val_01971,synpic57578.jpg,Abnormality,what is most alarming about this ct scan?,persistent trigeminal artery,normal,0.0,0.0,0.0007,0.0
val_01972,synpic58887.jpg,Abnormality,what abnormality is seen in the image?,bone metastasis,bone metastasis,1.0,1.0,1.0,1.0
val_01973,synpic50565.jpg,Abnormality,what abnormality is seen in the image?,serous cystadenoma (macrocystic variant),normal,0.0,0.0,0.0002,0.0
val_01974,synpic56114.jpg,Abnormality,what abnormality is seen in the image?,"anoxic brain injury, anoxia",normal,0.0,0.0,0.0002,0.0
val_01975,synpic23560.jpg,Abnormality,what abnormality is seen in the image?,small bowel obstruction secondary to adhesions,small bowel obstruction secondary to adhesions,1.0,1.0,1.0,1.0
val_01976,synpic34008.jpg,Abnormality,what is most alarming about this ct scan?,pulmonary thromboembolism,normal,0.0,0.0,0.0018,0.0
val_01977,synpic16083.jpg,Abnormality,what is the primary abnormality in this image?,cardiogenic pulmonary edema – chf exacerbation secondary to new onset atrial fibrillation,normal,0.0,0.0,0.0,0.0
val_01978,synpic52004.jpg,Abnormality,what is the primary abnormality in this image?,congenital hypoplasia of the internal carotid artery,congenital hypoplasia of the internal carotid artery,1.0,1.0,1.0,1.0
val_01979,synpic15401.jpg,Abnormality,what abnormality is seen in the image?,right aortic arch with aberrant left subclavian artery,normal,0.0,0.0,0.0,0.0
val_01980,synpic57801.jpg,Abnormality,what is the primary abnormality in this image?,osteoma skull,normal,0.0,0.0,0.0018,0.0
val_01981,synpic25267.jpg,Abnormality,what is abnormal in the gastrointestinal image?,plyoric stenosis,plyoric stenosis,1.0,1.0,1.0,1.0
val_01982,synpic34632.jpg,Abnormality,what abnormality is seen in the image?,cervical nerve root avulsion,normal,0.0,0.0,0.0002,0.0
val_01983,synpic45021.jpg,Abnormality,what abnormality is seen in the image?,carotid dissection,normal,0.0,0.0,0.0018,0.0
val_01984,synpic50410.jpg,Abnormality,what is the primary abnormality in this image?,"brain, cerebral abscess","brain, cerebral abscess",1.0,1.0,1.0,1.0
val_01985,synpic47178.jpg,Abnormality,what is abnormal in the x-ray?,chondroblastoma,normal,0.0,0.0,0.005,0.0
val_01986,synpic40398.jpg,Abnormality,what is the primary abnormality in this image?,posterior reversible encephalopathy syndrome (pres),normal,0.0,0.0,0.0001,0.0
val_01987,synpic18681.jpg,Abnormality,what abnormality is seen in the image?,pituitary macroadenoma,pituitary macroadenoma,1.0,1.0,1.0,1.0
val_01988,synpic38551.jpg,Abnormality,what abnormality is seen in the image?,"neurocytoma, central neurocytoma",normal,0.0,0.0,0.0007,0.0
val_01989,synpic36540.jpg,Abnormality,what abnormality is seen in the image?,hypothalamic hamartoma,normal,0.0,0.0,0.0018,0.0
val_01990,synpic17203.jpg,Abnormality,what is abnormal in the ct scan?,hepatic hemangioma,hepatic hemangioma,1.0,1.0,1.0,1.0
val_01991,synpic57633.jpg,Abnormality,what is most alarming about this mri?,schwannoma,normal,0.0,0.0,0.005,0.0
val_01992,synpic56511.jpg,Abnormality,what abnormality is seen in the image?,craniopharyngioma,normal,0.0,0.0,0.005,0.0
val_01993,synpic29500.jpg,Abnormality,what is most alarming about this x-ray?,achalasia,achalasia,1.0,1.0,0.5,1.0
val_01994,synpic48897.jpg,Abnormality,what is abnormal in the mri?,epidermoid cyst,normal,0.0,0.0,0.0018,0.0
val_01995,synpic45196.jpg,Abnormality,what abnormality is seen in the image?,ossified posterior longitudinal ligament (opll),normal,0.0,0.0,0.0001,0.0
val_01996,synpic45828.jpg,Abnormality,what is abnormal in the mri?,marked hydrocephalus due to aqueductal stenosis,marked hydrocephalus due to aqueductal stenosis,1.0,1.0,1.0,1.0
val_01997,synpic60458.jpg,Abnormality,what is abnormal in the x-ray?,discoid meniscus,normal,0.0,0.0,0.0018,0.0
val_01998,synpic43524.jpg,Abnormality,what is most alarming about this mri?,"choroid plexus neoplasm, papilloma, carcinoma",normal,0.0,0.0,0.0001,0.0
val_01999,synpic59568.jpg,Abnormality,what is abnormal in the mri?,multiple sclerosis,multiple sclerosis,1.0,1.0,1.0,1.0
val_02000,synpic48459.jpg,Abnormality,what is most alarming about this mri?,"spine,  tethered  cord",normal,0.0,0.0,0.0007,0.0
